{"stats":{"minecraft:dropped":{"minecraft:iron_ingot":7,"biomesoplenty:pink_daffodil":1,"minecraft:wheat_seeds":23,"minecraft:crafting_table":1,"minecraft:cobblestone":57,"minecraft:amethyst_block":1,"minecraft:granite":62,"minecraft:coal_block":1,"minecraft:flint":5,"minecraft:stick":4,"minecraft:dirt":17,"minecraft:diorite":20,"minecraft:torch":18,"tombstone:grave_key":1,"minecraft:wooden_axe":1,"minecraft:string":1,"minecraft:bucket":1,"minecraft:snow_block":4,"minecraft:gravel":16,"minecraft:furnace":1,"minecraft:stone_axe":2,"minecraft:stone_sword":1,"minecraft:cobbled_deepslate":235,"minecraft:raw_copper":10,"minecraft:tuff":3,"minecraft:wheat":1,"minecraft:oak_planks":6,"minecraft:leather_chestplate":1,"minecraft:bow":1,"minecraft:stone_pickaxe":1,"minecraft:wooden_pickaxe":1,"spore:armor_fragment":1},"minecraft:killed_by":{"minecraft:player":5,"spore:busser":1,"spore:inquisitor":3,"sanitydim:rotting_stalker":1,"spore:inf_player":5,"man:managgresive":4,"sanitydim:sneaking_terror":1,"minecraft:skeleton":2},"minecraft:used":{"minecraft:oak_fence":1,"minecraft:stone_sword":11,"minecraft:chest":4,"minecraft:spruce_planks":18,"minecraft:iron_sword":137,"minecraft:cooked_chicken":1,"minecraft:rotten_flesh":2,"minecraft:iron_chestplate":1,"minecraft:torch":169,"spore:vent_door":1,"minecraft:dirt":9,"minecraft:mutton":6,"minecraft:granite":16,"minecraft:snowball":25,"minecraft:wooden_axe":8,"minecraft:lava_bucket":27,"minecraft:lantern":1,"minecraft:iron_axe":236,"biomesoplenty:fir_sapling":3,"minecraft:iron_helmet":1,"minecraft:iron_boots":2,"alexscaves:spelunkery_table":1,"minecraft:sweet_berries":42,"minecraft:furnace":6,"biomesoplenty:fir_trapdoor":1,"tombstone:gift":3,"minecraft:egg":4,"minecraft:potato":13,"minecraft:cooked_beef":14,"minecraft:cobbled_deepslate":127,"minecraft:iron_leggings":2,"minecraft:cooked_mutton":10,"minecraft:wheat_seeds":13,"minecraft:water_bucket":8,"minecraft:diorite":4,"minecraft:baked_potato":2,"minecraft:oak_planks":5,"minecraft:stone_pickaxe":277,"minecraft:powered_rail":1,"minecraft:wooden_pickaxe":3,"biomesoplenty:fir_planks":85,"minecraft:white_wool":2,"minecraft:mossy_cobblestone":1,"minecraft:crafting_table":10,"minecraft:blue_ice":64,"minecraft:white_bed":1,"waystones:waystone":10,"minecraft:wooden_hoe":21,"minecraft:chicken":2,"minecraft:iron_pickaxe":1584,"minecraft:bread":11,"minecraft:cyan_bed":7,"minecraft:lilac":1,"minecraft:gravel":3,"minecraft:spruce_sapling":2,"minecraft:stone_axe":20,"biomesoplenty:fir_door":2,"travelersbackpack:standard":6,"minecraft:cobblestone":409,"minecraft:cooked_porkchop":6,"minecraft:andesite":5,"minecraft:bucket":35},"minecraft:crafted":{"biomesoplenty:fir_trapdoor":2,"minecraft:oak_planks":4,"minecraft:coal":18,"minecraft:cooked_chicken":1,"minecraft:furnace":3,"minecraft:cooked_mutton":6,"minecraft:glass":24,"travelersbackpack:white_sleeping_bag":1,"minecraft:bow":1,"minecraft:iron_boots":1,"minecraft:iron_axe":2,"spore:fleshy_bone":1,"minecraft:stone_pickaxe":1,"spore:fleshy_claw":4,"minecraft:chest":5,"minecraft:cooked_beef":14,"minecraft:coal_block":3,"spore:living_core":1,"minecraft:cooked_porkchop":12,"minecraft:crafting_table":2,"minecraft:spruce_planks":36,"travelersbackpack:backpack_tank":2,"minecraft:iron_helmet":1,"minecraft:wooden_pickaxe":1,"travelersbackpack:standard":1,"minecraft:bucket":1,"minecraft:bread":3,"biomesoplenty:fir_planks":196,"minecraft:iron_chestplate":1,"minecraft:white_wool":1,"minecraft:wooden_hoe":1,"minecraft:stick":60,"minecraft:iron_ingot":58,"minecraft:iron_pickaxe":5,"minecraft:wooden_axe":1,"minecraft:snow_block":4,"minecraft:iron_leggings":1,"minecraft:gold_ingot":1,"minecraft:torch":132,"biomesoplenty:fir_door":3},"minecraft:killed":{"minecraft:cave_spider":1,"spore:braiomil":1,"minecraft:spider":3,"minecraft:skeleton":4,"minecraft:horse":2,"minecraft:chicken":3,"minecraft:pig":3,"spore:inf_player":4,"spore:brute":1,"minecraft:wandering_trader":2,"minecraft:sheep":11,"spore:inf_villager":1,"minecraft:trader_llama":1,"spore:inf_human":1,"minecraft:zombie":1,"spore:knight":1,"minecraft:cow":4},"minecraft:picked_up":{"spore:mutated_heart":2,"minecraft:crafting_table":10,"minecraft:wheat":10,"minecraft:chicken":3,"minecraft:lead":3,"minecraft:amethyst_block":1,"spore:innards":2,"minecraft:string":22,"minecraft:raw_copper":24,"minecraft:cobbled_deepslate":770,"minecraft:bucket":1,"biomesoplenty:fir_planks":16,"minecraft:spruce_planks":2,"minecraft:beef":8,"minecraft:iron_pickaxe":1,"minecraft:coal_block":16,"minecraft:sugar_cane":4,"minecraft:furnace":5,"minecraft:egg":4,"minecraft:stick":5,"minecraft:raw_iron":89,"minecraft:oak_fence":1,"minecraft:torch":91,"minecraft:porkchop":4,"minecraft:diorite":53,"minecraft:stone_sword":1,"minecraft:arrow":2,"minecraft:rotten_flesh":8,"alexscaves:spelunkery_table":2,"minecraft:iron_block":1,"minecraft:mutton":16,"minecraft:snowball":25,"minecraft:white_wool":12,"minecraft:cobblestone":478,"minecraft:leather_chestplate":1,"minecraft:feather":2,"minecraft:lilac":1,"minecraft:andesite":23,"minecraft:leather":10,"minecraft:potato":18,"biomesoplenty:fir_sapling":15,"biomesoplenty:fir_log":76,"minecraft:flint":9,"minecraft:tuff":15,"minecraft:oak_log":7,"minecraft:lapis_lazuli":86,"minecraft:dirt":41,"minecraft:lantern":1,"tombstone:gift":1,"minecraft:cooked_mutton":4,"minecraft:bone":6,"travelersbackpack:backpack_tank":2,"minecraft:wheat_seeds":38,"minecraft:raw_gold":8,"minecraft:iron_ingot":3,"minecraft:stone_pickaxe":2,"spore:mutated_fiber":14,"minecraft:powered_rail":1,"minecraft:oak_planks":13,"spore:vent_door":1,"minecraft:sweet_berries":31,"spore:armor_fragment":21,"minecraft:gravel":31,"minecraft:sand":24,"minecraft:amethyst_shard":12,"minecraft:spruce_sapling":2,"minecraft:white_bed":1,"minecraft:spruce_log":9,"minecraft:cyan_bed":7,"minecraft:spider_eye":3,"minecraft:mossy_cobblestone":1,"travelersbackpack:standard":10,"spore:claw_fragment":15,"minecraft:diamond":2,"minecraft:stone_axe":2,"waystones:waystone":10,"minecraft:granite":78,"minecraft:gray_wool":1,"minecraft:bread":5,"minecraft:emerald":1,"minecraft:baked_potato":2,"biomesoplenty:pink_daffodil":2,"minecraft:coal":152},"minecraft:broken":{"minecraft:iron_boots":2,"minecraft:stone_pickaxe":2,"minecraft:iron_axe":1,"minecraft:iron_pickaxe":5,"minecraft:iron_helmet":2},"minecraft:custom":{"minecraft:mob_kills":44,"minecraft:interact_with_crafting_table":49,"minecraft:open_barrel":4,"minecraft:leave_game":6,"minecraft:time_since_death":10147,"minecraft:climb_one_cm":4256,"minecraft:sprint_one_cm":988299,"minecraft:walk_one_cm":417950,"minecraft:drop":94,"minecraft:talked_to_villager":2,"minecraft:play_time":352498,"minecraft:deaths":32,"minecraft:sneak_time":20848,"minecraft:walk_under_water_one_cm":51819,"minecraft:jump":4112,"minecraft:interact_with_blast_furnace":1,"minecraft:walk_on_water_one_cm":47948,"minecraft:total_world_time":352498,"minecraft:interact_with_furnace":100,"minecraft:interact_with_loom":1,"minecraft:sleep_in_bed":21,"minecraft:time_since_rest":9739,"minecraft:waystone_activated":12,"minecraft:damage_taken":11845,"minecraft:damage_dealt":9846,"minecraft:player_kills":1,"minecraft:swim_one_cm":159805,"minecraft:fly_one_cm":667134,"minecraft:crouch_one_cm":17329,"minecraft:open_chest":61,"tombstone:undead_killed":5,"tombstone:villager_killed":2,"minecraft:fall_one_cm":81343},"minecraft:mined":{"spore:fungal_roots":2,"alexscaves:spelunkery_table":2,"minecraft:tuff":26,"minecraft:spruce_planks":2,"spore:wall_growths_big":14,"minecraft:white_bed":1,"spore:wall_growths":15,"minecraft:mossy_cobblestone":3,"minecraft:deepslate_diamond_ore":2,"minecraft:granite":55,"biomesoplenty:bush":1,"minecraft:grass_block":8,"spore:fungal_stem":3,"minecraft:coal_block":16,"spore:growths_small":2,"minecraft:furnace":5,"minecraft:iron_ore":60,"spore:blomfung":2,"minecraft:cobbled_deepslate":16,"minecraft:andesite":23,"minecraft:deepslate_lapis_ore":11,"spore:growth_mycelium":2,"minecraft:potatoes":5,"minecraft:deepslate_iron_ore":10,"biomesoplenty:webbing":4,"minecraft:packed_ice":7,"minecraft:stone":360,"biomesoplenty:spider_egg":2,"minecraft:white_wool":2,"minecraft:hanging_roots":2,"minecraft:amethyst_cluster":3,"spore:growths_big":2,"travelersbackpack:standard":10,"minecraft:oak_fence":1,"minecraft:crafting_table":10,"minecraft:torch":11,"minecraft:emerald_ore":1,"biomesoplenty:fir_planks":17,"minecraft:tall_grass":1,"biomesoplenty:high_grass_plant":1,"minecraft:copper_ore":7,"minecraft:cobblestone":124,"spore:membrane_block":1,"minecraft:deepslate_gold_ore":8,"minecraft:lapis_ore":2,"minecraft:cyan_bed":6,"minecraft:oak_planks":5,"minecraft:sugar_cane":2,"minecraft:diorite":73,"minecraft:wall_torch":49,"minecraft:amethyst_block":1,"minecraft:powered_rail":1,"spore:bloomfung2":5,"biomesoplenty:blue_hydrangea":1,"biomesoplenty:pink_daffodil":1,"minecraft:wheat":10,"minecraft:sweet_berry_bush":10,"minecraft:blue_ice":9,"minecraft:lilac":1,"minecraft:spruce_log":9,"biomesoplenty:fir_log":46,"minecraft:grass":33,"minecraft:oak_log":7,"minecraft:coal_ore":82,"biomesoplenty:fir_leaves":4,"minecraft:gravel":39,"minecraft:dirt":34,"minecraft:sand":24,"biomesoplenty:stringy_cobweb":12,"minecraft:cobweb":16,"minecraft:oak_leaves":2,"minecraft:deepslate":898,"minecraft:fern":10}},"DataVersion":3465}