{"stats":{"minecraft:picked_up":{"minecraft:crafting_table":2,"minecraft:stick":3,"minecraft:raw_iron":31,"minecraft:andesite":1,"minecraft:gravel":2,"minecraft:spruce_sapling":2,"minecraft:spruce_log":9,"minecraft:mossy_cobblestone":1,"minecraft:iron_ingot":1,"spore:mutated_fiber":2,"minecraft:snowball":25,"minecraft:coal":47,"minecraft:cobblestone":16,"minecraft:furnace":1},"minecraft:killed":{"minecraft:spider":1},"minecraft:crafted":{"minecraft:iron_boots":1,"minecraft:iron_axe":1,"minecraft:crafting_table":1,"minecraft:iron_pickaxe":1,"minecraft:spruce_planks":36,"minecraft:stick":20,"minecraft:iron_ingot":18,"minecraft:stone_pickaxe":1,"minecraft:wooden_pickaxe":1,"minecraft:wooden_axe":1,"minecraft:iron_leggings":1,"minecraft:furnace":1,"minecraft:torch":16},"minecraft:mined":{"minecraft:furnace":1,"minecraft:mossy_cobblestone":1,"minecraft:iron_ore":31,"minecraft:spruce_log":9,"minecraft:andesite":1,"minecraft:crafting_table":2,"minecraft:coal_ore":25,"minecraft:gravel":1,"minecraft:cobblestone":1,"minecraft:stone":13},"minecraft:dropped":{"minecraft:gravel":1,"minecraft:iron_ingot":1,"minecraft:wooden_axe":1,"minecraft:wooden_pickaxe":1},"minecraft:custom":{"minecraft:time_since_rest":432,"minecraft:interact_with_furnace":15,"minecraft:sprint_one_cm":36330,"minecraft:damage_taken":553,"minecraft:walk_one_cm":11900,"minecraft:mob_kills":1,"minecraft:drop":4,"minecraft:damage_dealt":176,"minecraft:interact_with_crafting_table":10,"minecraft:swim_one_cm":8527,"minecraft:fly_one_cm":29092,"minecraft:crouch_one_cm":221,"minecraft:play_time":15890,"minecraft:deaths":2,"minecraft:sneak_time":170,"minecraft:walk_under_water_one_cm":11131,"minecraft:jump":139,"minecraft:walk_on_water_one_cm":2857,"minecraft:time_since_death":944,"minecraft:total_world_time":15890,"minecraft:fall_one_cm":1165},"minecraft:used":{"minecraft:wooden_axe":8,"minecraft:iron_axe":4,"minecraft:stone_pickaxe":71,"minecraft:gravel":1,"minecraft:wooden_pickaxe":3,"minecraft:iron_boots":1,"minecraft:spruce_sapling":2,"minecraft:mossy_cobblestone":1,"minecraft:crafting_table":2,"minecraft:furnace":1,"minecraft:andesite":1,"minecraft:snowball":25,"minecraft:iron_leggings":1},"minecraft:killed_by":{"spore:inf_player":1,"sanitydim:rotting_stalker":1}},"DataVersion":3465}