{"stats":{"minecraft:dropped":{"minecraft:iron_ingot":7,"minecraft:wheat_seeds":21,"minecraft:crafting_table":1,"minecraft:cobblestone":19,"minecraft:amethyst_block":1,"minecraft:flint":5,"minecraft:stick":4,"minecraft:dirt":17,"minecraft:diorite":20,"minecraft:torch":18,"tombstone:grave_key":1,"minecraft:wooden_axe":1,"minecraft:bucket":1,"minecraft:snow_block":4,"minecraft:gravel":1,"minecraft:furnace":1,"minecraft:stone_axe":2,"minecraft:stone_sword":1,"minecraft:cobbled_deepslate":35,"minecraft:raw_copper":10,"minecraft:wheat":1,"minecraft:oak_planks":6,"minecraft:leather_chestplate":1,"minecraft:bow":1,"minecraft:stone_pickaxe":1,"minecraft:wooden_pickaxe":1,"spore:armor_fragment":1},"minecraft:killed_by":{"minecraft:player":5,"spore:busser":1,"spore:inquisitor":3,"sanitydim:rotting_stalker":1,"spore:inf_player":5,"man:managgresive":3,"sanitydim:sneaking_terror":1,"minecraft:skeleton":1},"minecraft:used":{"minecraft:oak_fence":1,"minecraft:stone_sword":11,"minecraft:chest":4,"minecraft:spruce_planks":18,"minecraft:iron_sword":118,"minecraft:rotten_flesh":2,"minecraft:iron_chestplate":1,"minecraft:torch":97,"spore:vent_door":1,"minecraft:dirt":9,"minecraft:mutton":6,"minecraft:snowball":25,"minecraft:wooden_axe":8,"minecraft:lava_bucket":7,"minecraft:lantern":1,"minecraft:iron_axe":204,"biomesoplenty:fir_sapling":3,"minecraft:iron_helmet":1,"minecraft:iron_boots":2,"alexscaves:spelunkery_table":1,"minecraft:sweet_berries":42,"minecraft:furnace":5,"tombstone:gift":3,"minecraft:egg":3,"minecraft:potato":13,"minecraft:cooked_beef":14,"minecraft:cobbled_deepslate":86,"minecraft:iron_leggings":2,"minecraft:cooked_mutton":5,"minecraft:wheat_seeds":13,"minecraft:water_bucket":2,"minecraft:diorite":4,"minecraft:baked_potato":2,"minecraft:oak_planks":5,"minecraft:stone_pickaxe":277,"minecraft:powered_rail":1,"minecraft:wooden_pickaxe":3,"biomesoplenty:fir_planks":85,"minecraft:white_wool":2,"minecraft:mossy_cobblestone":1,"minecraft:crafting_table":6,"minecraft:blue_ice":64,"minecraft:white_bed":1,"waystones:waystone":2,"minecraft:wooden_hoe":21,"minecraft:iron_pickaxe":635,"minecraft:bread":11,"minecraft:cyan_bed":7,"minecraft:lilac":1,"minecraft:gravel":3,"minecraft:spruce_sapling":2,"minecraft:stone_axe":20,"biomesoplenty:fir_door":2,"travelersbackpack:standard":2,"minecraft:cobblestone":333,"minecraft:cooked_porkchop":3,"minecraft:andesite":5,"minecraft:bucket":10},"minecraft:crafted":{"minecraft:oak_planks":4,"minecraft:furnace":2,"minecraft:cooked_mutton":1,"minecraft:glass":12,"travelersbackpack:white_sleeping_bag":1,"minecraft:bow":1,"minecraft:iron_boots":1,"minecraft:iron_axe":2,"minecraft:stone_pickaxe":1,"spore:fleshy_claw":4,"minecraft:chest":5,"minecraft:cooked_beef":14,"minecraft:coal_block":3,"spore:living_core":1,"minecraft:cooked_porkchop":9,"minecraft:crafting_table":2,"minecraft:spruce_planks":36,"travelersbackpack:backpack_tank":2,"minecraft:iron_helmet":1,"minecraft:wooden_pickaxe":1,"travelersbackpack:standard":1,"minecraft:bucket":1,"minecraft:bread":3,"biomesoplenty:fir_planks":172,"minecraft:white_wool":1,"minecraft:iron_chestplate":1,"minecraft:wooden_hoe":1,"minecraft:stick":40,"minecraft:iron_ingot":41,"minecraft:iron_pickaxe":1,"minecraft:wooden_axe":1,"minecraft:snow_block":4,"minecraft:iron_leggings":1,"minecraft:gold_ingot":1,"minecraft:torch":60,"biomesoplenty:fir_door":3},"minecraft:killed":{"minecraft:cave_spider":1,"spore:braiomil":1,"minecraft:spider":2,"minecraft:horse":2,"minecraft:skeleton":3,"minecraft:chicken":1,"minecraft:pig":1,"spore:inf_player":4,"spore:brute":1,"minecraft:wandering_trader":1,"minecraft:sheep":11,"spore:inf_villager":1,"minecraft:trader_llama":1,"spore:inf_human":1,"minecraft:zombie":1,"spore:knight":1,"minecraft:cow":4},"minecraft:picked_up":{"spore:mutated_heart":2,"minecraft:crafting_table":6,"minecraft:wheat":10,"minecraft:chicken":1,"minecraft:lead":2,"minecraft:amethyst_block":1,"spore:innards":2,"minecraft:string":20,"minecraft:raw_copper":19,"minecraft:cobbled_deepslate":186,"minecraft:bucket":1,"biomesoplenty:fir_planks":16,"minecraft:spruce_planks":2,"minecraft:beef":8,"minecraft:iron_pickaxe":1,"minecraft:coal_block":15,"minecraft:furnace":4,"minecraft:egg":3,"minecraft:stick":3,"minecraft:raw_iron":50,"minecraft:oak_fence":1,"minecraft:torch":55,"minecraft:porkchop":1,"minecraft:diorite":23,"minecraft:stone_sword":1,"minecraft:rotten_flesh":8,"alexscaves:spelunkery_table":2,"minecraft:iron_block":1,"minecraft:mutton":15,"minecraft:snowball":25,"minecraft:white_wool":12,"minecraft:cobblestone":367,"minecraft:leather_chestplate":1,"minecraft:feather":2,"minecraft:lilac":1,"minecraft:andesite":5,"minecraft:leather":10,"minecraft:potato":18,"biomesoplenty:fir_sapling":13,"biomesoplenty:fir_log":70,"minecraft:flint":5,"minecraft:tuff":12,"minecraft:oak_log":7,"minecraft:lapis_lazuli":72,"minecraft:dirt":41,"minecraft:lantern":1,"tombstone:gift":1,"minecraft:cooked_mutton":4,"minecraft:bone":4,"travelersbackpack:backpack_tank":2,"minecraft:wheat_seeds":36,"minecraft:iron_ingot":2,"minecraft:stone_pickaxe":2,"spore:mutated_fiber":14,"minecraft:powered_rail":1,"minecraft:oak_planks":13,"spore:vent_door":1,"minecraft:sweet_berries":31,"spore:armor_fragment":21,"minecraft:gravel":4,"minecraft:sand":24,"minecraft:amethyst_shard":12,"minecraft:spruce_sapling":2,"minecraft:white_bed":1,"minecraft:spruce_log":9,"minecraft:cyan_bed":7,"minecraft:spider_eye":3,"minecraft:mossy_cobblestone":1,"travelersbackpack:standard":5,"spore:claw_fragment":15,"minecraft:diamond":2,"minecraft:stone_axe":2,"waystones:waystone":3,"minecraft:gray_wool":1,"minecraft:bread":5,"minecraft:emerald":1,"minecraft:baked_potato":2,"biomesoplenty:pink_daffodil":1,"minecraft:coal":99},"minecraft:broken":{"minecraft:iron_boots":1,"minecraft:stone_pickaxe":2,"minecraft:iron_axe":1,"minecraft:iron_pickaxe":2,"minecraft:iron_helmet":1},"minecraft:custom":{"minecraft:mob_kills":37,"minecraft:interact_with_crafting_table":39,"minecraft:open_barrel":4,"minecraft:leave_game":4,"minecraft:time_since_death":2826,"minecraft:climb_one_cm":4256,"minecraft:sprint_one_cm":727111,"minecraft:walk_one_cm":300910,"minecraft:drop":80,"minecraft:play_time":256331,"minecraft:deaths":24,"minecraft:sneak_time":17511,"minecraft:walk_under_water_one_cm":38379,"minecraft:jump":3097,"minecraft:interact_with_blast_furnace":1,"minecraft:walk_on_water_one_cm":42994,"minecraft:total_world_time":256331,"minecraft:interact_with_furnace":74,"minecraft:interact_with_loom":1,"minecraft:sleep_in_bed":21,"minecraft:time_since_rest":2486,"minecraft:waystone_activated":3,"minecraft:damage_taken":9181,"minecraft:damage_dealt":9007,"minecraft:player_kills":1,"minecraft:swim_one_cm":133960,"minecraft:fly_one_cm":554510,"minecraft:crouch_one_cm":16123,"minecraft:open_chest":51,"tombstone:undead_killed":4,"tombstone:villager_killed":1,"minecraft:fall_one_cm":66241},"minecraft:mined":{"spore:fungal_roots":1,"alexscaves:spelunkery_table":2,"minecraft:tuff":19,"minecraft:spruce_planks":2,"spore:wall_growths_big":13,"minecraft:white_bed":1,"spore:wall_growths":15,"minecraft:mossy_cobblestone":3,"minecraft:deepslate_diamond_ore":2,"minecraft:granite":2,"biomesoplenty:bush":1,"minecraft:grass_block":8,"spore:fungal_stem":3,"minecraft:coal_block":16,"spore:growths_small":2,"minecraft:furnace":4,"minecraft:iron_ore":46,"spore:blomfung":2,"minecraft:cobbled_deepslate":16,"minecraft:andesite":5,"minecraft:deepslate_lapis_ore":11,"spore:growth_mycelium":2,"minecraft:potatoes":5,"minecraft:deepslate_iron_ore":4,"minecraft:packed_ice":7,"minecraft:stone":263,"biomesoplenty:spider_egg":2,"minecraft:white_wool":2,"minecraft:hanging_roots":2,"minecraft:amethyst_cluster":3,"spore:growths_big":2,"travelersbackpack:standard":5,"minecraft:oak_fence":1,"minecraft:crafting_table":6,"minecraft:torch":8,"minecraft:emerald_ore":1,"biomesoplenty:fir_planks":17,"biomesoplenty:high_grass_plant":1,"minecraft:copper_ore":5,"minecraft:cobblestone":95,"minecraft:cyan_bed":6,"minecraft:oak_planks":5,"minecraft:diorite":26,"minecraft:wall_torch":25,"minecraft:amethyst_block":1,"minecraft:powered_rail":1,"spore:bloomfung2":5,"biomesoplenty:blue_hydrangea":1,"biomesoplenty:pink_daffodil":1,"minecraft:wheat":10,"minecraft:sweet_berry_bush":10,"minecraft:blue_ice":9,"minecraft:lilac":1,"minecraft:spruce_log":9,"biomesoplenty:fir_log":40,"minecraft:grass":27,"minecraft:oak_log":7,"minecraft:coal_ore":55,"minecraft:gravel":15,"minecraft:dirt":34,"minecraft:sand":24,"biomesoplenty:stringy_cobweb":12,"minecraft:cobweb":16,"minecraft:oak_leaves":2,"minecraft:deepslate":281,"minecraft:fern":8}},"DataVersion":3465}