{"stats":{"minecraft:crafted":{"minecraft:cherry_planks":88,"minecraft:leather_boots":1,"minecraft:cooked_chicken":5,"minecraft:furnace":1,"minecraft:cooked_mutton":4,"minecraft:iron_boots":1,"minecraft:iron_axe":1,"minecraft:stone_pickaxe":4,"minecraft:cooked_cod":2,"minecraft:crafting_table":3,"minecraft:iron_helmet":1,"minecraft:wooden_pickaxe":3,"minecraft:iron_sword":1,"minecraft:stone_axe":2,"minecraft:iron_chestplate":1,"minecraft:charcoal":9,"minecraft:stick":60,"minecraft:iron_pickaxe":1,"minecraft:iron_ingot":30,"minecraft:wooden_axe":2,"minecraft:stone_sword":1,"minecraft:iron_leggings":1,"minecraft:torch":120},"minecraft:broken":{"minecraft:stone_pickaxe":2,"minecraft:stone_axe":1},"minecraft:dropped":{"minecraft:wheat_seeds":6,"minecraft:feather":3,"minecraft:cobblestone":2,"minecraft:glow_berries":6,"minecraft:rail":1,"minecraft:coal":2,"minecraft:cod":2,"minecraft:flint":1,"minecraft:dirt":2,"minecraft:wooden_axe":2,"minecraft:cherry_planks":4,"minecraft:pink_petals":2,"minecraft:cooked_chicken":1,"minecraft:stone_sword":1,"minecraft:cobbled_deepslate":2,"minecraft:raw_copper":8,"minecraft:cherry_sapling":11,"minecraft:chicken":1,"minecraft:cooked_mutton":3,"minecraft:leather_boots":1,"minecraft:stone_pickaxe":1,"minecraft:wooden_pickaxe":3},"minecraft:killed":{"minecraft:cave_spider":2,"spore:braiomil":1,"minecraft:cod":7,"minecraft:skeleton":2,"minecraft:horse":4,"minecraft:chicken":5,"spore:spitter":1,"minecraft:sheep":4,"minecraft:zombie":2,"spore:inf_human":2},"minecraft:custom":{"minecraft:mob_kills":31,"minecraft:interact_with_crafting_table":29,"minecraft:open_barrel":1,"minecraft:leave_game":3,"minecraft:time_since_death":1222,"minecraft:sprint_one_cm":334814,"minecraft:walk_one_cm":312636,"minecraft:drop":42,"minecraft:play_time":157705,"minecraft:deaths":13,"minecraft:walk_under_water_one_cm":10192,"minecraft:sneak_time":4219,"minecraft:jump":1643,"minecraft:walk_on_water_one_cm":22484,"minecraft:total_world_time":157705,"minecraft:interact_with_furnace":55,"minecraft:sleep_in_bed":5,"minecraft:time_since_rest":984,"minecraft:damage_taken":4463,"minecraft:damage_dealt":3906,"minecraft:swim_one_cm":23877,"minecraft:fly_one_cm":199950,"minecraft:player_kills":2,"minecraft:crouch_one_cm":4686,"tombstone:undead_killed":4,"minecraft:fall_one_cm":28829},"minecraft:mined":{"minecraft:white_bed":4,"minecraft:cherry_log":57,"minecraft:stripped_cherry_log":1,"minecraft:grass_block":3,"spore:growths_small":1,"minecraft:spawner":1,"minecraft:redstone_ore":4,"minecraft:furnace":7,"minecraft:iron_ore":11,"minecraft:cobbled_deepslate":8,"minecraft:andesite":5,"minecraft:pumpkin":3,"minecraft:deepslate_lapis_ore":3,"minecraft:deepslate_iron_ore":26,"minecraft:rail":1,"minecraft:stone":228,"minecraft:deepslate_redstone_ore":1,"spore:growths_big":4,"minecraft:oak_fence":4,"minecraft:crafting_table":12,"minecraft:torch":5,"minecraft:cobblestone":32,"minecraft:lapis_ore":5,"minecraft:deepslate_gold_ore":8,"minecraft:oak_planks":22,"minecraft:diorite":9,"minecraft:wall_torch":16,"minecraft:deepslate_copper_ore":2,"minecraft:pink_petals":1,"minecraft:grass":17,"minecraft:coal_ore":71,"minecraft:gravel":8,"minecraft:dirt":4,"minecraft:cobweb":37,"spore:remains":2,"minecraft:deepslate":134,"minecraft:infested_stone":1},"minecraft:killed_by":{"minecraft:player":7,"spore:scamper":1,"spore:inf_human":1,"minecraft:silverfish":1,"minecraft:cave_spider":1,"minecraft:skeleton":1,"minecraft:zombie":1},"minecraft:used":{"minecraft:oak_fence":4,"minecraft:cherry_sapling":18,"minecraft:stone_sword":38,"minecraft:iron_sword":10,"minecraft:rotten_flesh":3,"minecraft:cooked_chicken":4,"minecraft:iron_chestplate":1,"minecraft:torch":122,"minecraft:dirt":5,"minecraft:granite":2,"minecraft:wooden_axe":65,"minecraft:iron_axe":24,"minecraft:iron_helmet":1,"minecraft:iron_boots":1,"minecraft:furnace":7,"minecraft:cooked_cod":3,"minecraft:egg":3,"minecraft:cobbled_deepslate":61,"minecraft:pumpkin":3,"minecraft:iron_leggings":1,"minecraft:cooked_mutton":9,"minecraft:diorite":8,"minecraft:stone_pickaxe":365,"minecraft:oak_planks":9,"minecraft:wooden_pickaxe":59,"minecraft:cherry_planks":6,"minecraft:leather_boots":1,"minecraft:white_wool":4,"minecraft:glow_berries":1,"minecraft:crafting_table":11,"minecraft:white_bed":5,"minecraft:iron_pickaxe":145,"minecraft:gravel":3,"minecraft:stone_axe":89,"minecraft:cobblestone":147,"minecraft:cooked_porkchop":1,"minecraft:andesite":3,"minecraft:stripped_cherry_log":1},"minecraft:picked_up":{"spore:mutated_heart":1,"minecraft:crafting_table":12,"minecraft:chicken":8,"minecraft:stripped_cherry_log":1,"minecraft:string":30,"minecraft:raw_copper":8,"minecraft:cobbled_deepslate":135,"minecraft:iron_pickaxe":1,"minecraft:furnace":8,"minecraft:egg":3,"spore:tumor":1,"minecraft:stick":20,"minecraft:raw_iron":48,"minecraft:oak_fence":4,"minecraft:torch":27,"minecraft:cherry_log":53,"tombstone:grave_dust":1,"minecraft:diorite":8,"minecraft:redstone":24,"minecraft:rotten_flesh":3,"minecraft:cooked_cod":2,"minecraft:mutton":4,"minecraft:white_wool":4,"minecraft:cod":9,"minecraft:rail":1,"minecraft:cobblestone":258,"minecraft:pink_petals":2,"minecraft:feather":4,"minecraft:cherry_planks":14,"minecraft:andesite":5,"minecraft:leather":5,"minecraft:flint":1,"minecraft:lapis_lazuli":49,"minecraft:dirt":7,"minecraft:cooked_mutton":8,"minecraft:bone":3,"minecraft:bow":1,"minecraft:wheat_seeds":6,"minecraft:raw_gold":10,"minecraft:iron_ingot":5,"minecraft:stone_pickaxe":1,"spore:mutated_fiber":6,"minecraft:oak_planks":21,"minecraft:cooked_porkchop":1,"minecraft:pumpkin":3,"spore:armor_fragment":4,"minecraft:gravel":3,"minecraft:white_bed":6,"minecraft:spider_eye":1,"spore:claw_fragment":2,"minecraft:stone_axe":1,"minecraft:granite":2,"minecraft:cherry_sapling":29,"minecraft:coal":250}},"DataVersion":3465}