{"stats":{"minecraft:crafted":{"minecraft:cherry_planks":88,"minecraft:leather_boots":1,"minecraft:cooked_chicken":5,"minecraft:furnace":1,"minecraft:cooked_mutton":4,"minecraft:iron_boots":1,"minecraft:iron_axe":1,"minecraft:stone_pickaxe":4,"minecraft:cooked_cod":2,"minecraft:crafting_table":3,"minecraft:iron_helmet":1,"minecraft:wooden_pickaxe":3,"minecraft:iron_sword":1,"minecraft:stone_axe":2,"minecraft:iron_chestplate":1,"minecraft:charcoal":9,"minecraft:stick":60,"minecraft:iron_pickaxe":2,"minecraft:iron_ingot":32,"minecraft:wooden_axe":2,"minecraft:stone_sword":1,"minecraft:iron_leggings":1,"minecraft:torch":140},"minecraft:broken":{"minecraft:stone_pickaxe":2,"minecraft:stone_axe":1},"minecraft:dropped":{"minecraft:wheat_seeds":6,"minecraft:feather":3,"minecraft:cobblestone":2,"minecraft:glow_berries":6,"minecraft:rail":1,"minecraft:coal":2,"minecraft:cod":2,"minecraft:flint":1,"minecraft:dirt":2,"minecraft:wooden_axe":2,"minecraft:cherry_planks":4,"minecraft:pink_petals":2,"minecraft:cooked_chicken":1,"minecraft:stone_sword":1,"minecraft:cobbled_deepslate":2,"minecraft:raw_copper":8,"minecraft:cherry_sapling":11,"minecraft:chicken":1,"minecraft:cooked_mutton":3,"minecraft:leather_boots":1,"minecraft:stone_pickaxe":1,"minecraft:wooden_pickaxe":5},"minecraft:killed":{"minecraft:cave_spider":2,"spore:braiomil":1,"minecraft:spider":1,"minecraft:cod":7,"minecraft:skeleton":2,"minecraft:horse":4,"minecraft:chicken":5,"spore:spitter":1,"spore:inf_player":3,"spore:inf_pillager":2,"minecraft:sheep":4,"spore:inf_villager":3,"minecraft:zombie":3,"spore:inf_human":4},"minecraft:custom":{"minecraft:mob_kills":43,"minecraft:interact_with_crafting_table":32,"minecraft:open_barrel":1,"minecraft:leave_game":3,"minecraft:time_since_death":4145,"minecraft:sprint_one_cm":420467,"minecraft:walk_one_cm":380802,"minecraft:drop":44,"minecraft:play_time":205705,"minecraft:deaths":25,"minecraft:walk_under_water_one_cm":10192,"minecraft:sneak_time":7636,"minecraft:jump":2186,"minecraft:walk_on_water_one_cm":22484,"minecraft:total_world_time":205705,"minecraft:interact_with_furnace":58,"minecraft:sleep_in_bed":6,"minecraft:time_since_rest":1894,"minecraft:damage_taken":7353,"minecraft:damage_dealt":6404,"minecraft:swim_one_cm":23877,"minecraft:fly_one_cm":258945,"minecraft:player_kills":3,"minecraft:open_chest":4,"minecraft:crouch_one_cm":8163,"tombstone:undead_killed":5,"minecraft:fall_one_cm":35199},"minecraft:mined":{"minecraft:tuff":4,"minecraft:white_bed":9,"minecraft:mossy_cobblestone":3,"minecraft:sculk_vein":2,"minecraft:cherry_log":57,"minecraft:stripped_cherry_log":1,"minecraft:grass_block":3,"spore:growths_small":1,"minecraft:spawner":1,"minecraft:redstone_ore":4,"minecraft:sculk_catalyst":1,"minecraft:furnace":8,"minecraft:iron_ore":11,"minecraft:cobbled_deepslate":12,"minecraft:andesite":5,"minecraft:pumpkin":3,"minecraft:deepslate_lapis_ore":3,"minecraft:deepslate_iron_ore":27,"minecraft:rail":1,"minecraft:stone":228,"minecraft:deepslate_redstone_ore":4,"spore:growths_big":4,"minecraft:oak_fence":4,"minecraft:crafting_table":15,"minecraft:torch":10,"minecraft:cobblestone":37,"minecraft:lapis_ore":5,"minecraft:deepslate_gold_ore":8,"minecraft:oak_planks":22,"minecraft:sculk":8,"minecraft:diorite":9,"minecraft:wall_torch":18,"minecraft:deepslate_copper_ore":2,"minecraft:pink_petals":1,"minecraft:grass":17,"minecraft:coal_ore":71,"minecraft:gravel":43,"minecraft:dirt":4,"minecraft:cobweb":37,"spore:remains":4,"minecraft:deepslate":190,"minecraft:infested_stone":1},"minecraft:killed_by":{"minecraft:player":9,"spore:scamper":1,"spore:inf_human":2,"spore:inf_pillager":1,"spore:inf_player":5,"minecraft:silverfish":1,"minecraft:cave_spider":1,"minecraft:skeleton":1,"minecraft:zombie":1,"spore:stalker":1},"minecraft:used":{"minecraft:oak_fence":4,"minecraft:cherry_sapling":18,"minecraft:stone_sword":38,"minecraft:iron_sword":52,"minecraft:rotten_flesh":10,"minecraft:cooked_chicken":4,"minecraft:iron_chestplate":1,"minecraft:torch":146,"minecraft:dirt":5,"minecraft:tuff":1,"minecraft:granite":2,"minecraft:wooden_axe":65,"minecraft:iron_axe":65,"minecraft:iron_helmet":1,"minecraft:iron_boots":1,"minecraft:furnace":8,"minecraft:cooked_cod":3,"minecraft:egg":3,"minecraft:cobbled_deepslate":111,"minecraft:pumpkin":3,"minecraft:iron_leggings":1,"minecraft:cooked_mutton":9,"minecraft:diorite":8,"minecraft:stone_pickaxe":365,"minecraft:oak_planks":9,"minecraft:wooden_pickaxe":59,"minecraft:cherry_planks":6,"minecraft:leather_boots":1,"minecraft:white_wool":4,"minecraft:mossy_cobblestone":3,"minecraft:glow_berries":1,"minecraft:crafting_table":14,"minecraft:white_bed":10,"minecraft:iron_pickaxe":233,"minecraft:gravel":36,"minecraft:stone_axe":89,"minecraft:cobblestone":154,"minecraft:cooked_porkchop":1,"minecraft:andesite":14,"minecraft:stripped_cherry_log":1},"minecraft:picked_up":{"spore:mutated_heart":2,"minecraft:crafting_table":14,"minecraft:chicken":8,"minecraft:wooden_pickaxe":2,"minecraft:stripped_cherry_log":1,"minecraft:string":30,"minecraft:raw_copper":8,"minecraft:cobbled_deepslate":216,"minecraft:iron_pickaxe":1,"minecraft:furnace":9,"minecraft:egg":3,"spore:tumor":1,"minecraft:stick":20,"minecraft:raw_iron":49,"minecraft:oak_fence":4,"minecraft:torch":34,"minecraft:cherry_log":53,"tombstone:grave_dust":1,"minecraft:diorite":8,"minecraft:redstone":33,"minecraft:rotten_flesh":10,"minecraft:cooked_cod":2,"minecraft:mutton":4,"minecraft:white_wool":4,"minecraft:cod":9,"minecraft:rail":1,"minecraft:cobblestone":272,"minecraft:pink_petals":2,"minecraft:feather":4,"minecraft:cherry_planks":14,"minecraft:andesite":16,"minecraft:leather":5,"minecraft:flint":2,"minecraft:tuff":7,"minecraft:lapis_lazuli":49,"minecraft:dirt":7,"minecraft:cooked_mutton":8,"minecraft:bone":4,"minecraft:bow":1,"minecraft:wheat_seeds":6,"minecraft:raw_gold":10,"minecraft:iron_ingot":9,"minecraft:stone_pickaxe":1,"spore:mutated_fiber":20,"minecraft:oak_planks":21,"spore:cerebrum":1,"minecraft:cooked_porkchop":1,"minecraft:pumpkin":3,"spore:armor_fragment":4,"minecraft:gravel":47,"minecraft:white_bed":11,"minecraft:spider_eye":1,"minecraft:mossy_cobblestone":3,"spore:claw_fragment":2,"minecraft:stone_axe":1,"minecraft:granite":2,"minecraft:cherry_sapling":29,"minecraft:coal":287}},"DataVersion":3465}