{"stats":{"minecraft:dropped":{"minecraft:iron_sword":1,"biomesoplenty:pink_daffodil":3,"minecraft:oak_log":1,"spore:biomass_block":5,"minecraft:crafting_table":1,"spore:rooted_biomass":3,"biomesoplenty:fir_sapling":2,"minecraft:flint":9,"minecraft:dirt":23,"minecraft:dark_oak_wood":8,"minecraft:gravel":16,"minecraft:stone_axe":2,"minecraft:cobbled_deepslate":299,"minecraft:wheat":1,"minecraft:oak_planks":6,"minecraft:leather_chestplate":1,"minecraft:jungle_stairs":1,"minecraft:iron_bars":4,"spore:armads":1,"minecraft:stone_brick_stairs":1,"spore:armor_fragment":1,"minecraft:iron_ingot":7,"minecraft:wheat_seeds":29,"minecraft:cobblestone":57,"minecraft:amethyst_block":1,"minecraft:granite":62,"minecraft:coal_block":1,"minecraft:stick":7,"minecraft:diorite":20,"minecraft:torch":18,"minecraft:wooden_hoe":1,"biomesoplenty:fir_trapdoor":2,"tombstone:grave_key":1,"minecraft:wooden_axe":1,"minecraft:wither_rose":6,"minecraft:string":1,"minecraft:bucket":1,"minecraft:spruce_sapling":6,"minecraft:snow_block":4,"minecraft:furnace":1,"minecraft:stone_sword":1,"minecraft:raw_copper":19,"minecraft:cocoa_beans":1,"minecraft:tuff":3,"spore:living_helmet":1,"minecraft:torchflower_seeds":2,"minecraft:pumpkin_seeds":4,"minecraft:filled_map":2,"biomesoplenty:fir_planks":7,"minecraft:spruce_planks":3,"minecraft:bundle":2,"minecraft:stone_bricks":2,"minecraft:bow":1,"minecraft:stone_pickaxe":1,"minecraft:wooden_pickaxe":1},"minecraft:killed_by":{"spore:inquisitor":3,"sanitydim:rotting_stalker":1,"spore:inf_player":5,"man:managgresive":5,"sanitydim:sneaking_terror":1,"spore:wendigo":1,"spore:gazenbreacher":2,"minecraft:player":6,"spore:busser":1,"minecraft:stray":1,"minecraft:skeleton":11},"minecraft:used":{"minecraft:iron_shovel":261,"minecraft:dispenser":1,"minecraft:ladder":5,"minecraft:chest":11,"minecraft:iron_sword":152,"minecraft:rotten_flesh":2,"minecraft:iron_chestplate":2,"minecraft:mutton":6,"minecraft:jungle_planks":4,"minecraft:snowball":25,"minecraft:lava_bucket":27,"minecraft:lantern":1,"biomesoplenty:fir_sapling":3,"minecraft:iron_helmet":1,"minecraft:stone_bricks":14,"minecraft:sweet_berries":42,"minecraft:oak_sapling":7,"minecraft:furnace":8,"biomesoplenty:fir_trapdoor":1,"minecraft:egg":4,"minecraft:potato":13,"minecraft:diorite":4,"minecraft:dropper":2,"spore:armads":2,"minecraft:stone_pickaxe":277,"minecraft:powered_rail":1,"minecraft:oak_planks":53,"minecraft:wooden_pickaxe":3,"biomesoplenty:fir_planks":100,"minecraft:sugar_cane":4,"minecraft:white_wool":2,"minecraft:blue_ice":64,"waystones:waystone":12,"minecraft:bread":21,"minecraft:cyan_bed":9,"minecraft:string":1,"minecraft:gravel":4,"minecraft:lilac":1,"minecraft:smithing_table":2,"minecraft:andesite":5,"minecraft:oak_boat":2,"minecraft:oak_fence":1,"minecraft:stone_sword":11,"minecraft:spruce_planks":33,"minecraft:cooked_chicken":1,"spore:infected_spear":346,"minecraft:torch":246,"spore:vent_door":1,"minecraft:dirt":98,"minecraft:hopper":2,"minecraft:granite":16,"spore:living_helmet":1,"minecraft:wooden_axe":12,"minecraft:iron_axe":415,"minecraft:iron_boots":6,"alexscaves:spelunkery_table":2,"minecraft:acacia_wood":5,"tombstone:gift":5,"minecraft:cooked_beef":14,"minecraft:cobbled_deepslate":495,"minecraft:acacia_planks":5,"minecraft:iron_leggings":2,"minecraft:wheat_seeds":13,"minecraft:cooked_mutton":10,"minecraft:water_bucket":8,"minecraft:baked_potato":2,"minecraft:mossy_cobblestone":1,"minecraft:crafting_table":12,"minecraft:white_bed":2,"minecraft:spruce_log":1,"tombstone:bag_of_seeds":1,"minecraft:oak_log":1,"minecraft:wooden_hoe":25,"minecraft:apple":12,"minecraft:chicken":2,"minecraft:iron_pickaxe":2196,"minecraft:jungle_stairs":1,"minecraft:spruce_sapling":2,"minecraft:stone_axe":20,"minecraft:cobblestone":409,"biomesoplenty:fir_door":2,"travelersbackpack:standard":14,"minecraft:cooked_porkchop":10,"minecraft:bucket":35},"minecraft:crafted":{"biomesoplenty:fir_trapdoor":2,"minecraft:oak_planks":68,"minecraft:cooked_chicken":1,"minecraft:cooked_mutton":6,"minecraft:glass":24,"minecraft:hopper":2,"minecraft:bow":1,"minecraft:iron_boots":1,"spore:fleshy_bone":1,"spore:fleshy_claw":4,"minecraft:chest":15,"minecraft:dropper":3,"travelersbackpack:iron_tier_upgrade":1,"minecraft:cooked_porkchop":12,"spore:infected_spear":1,"minecraft:crafting_table":3,"minecraft:spruce_planks":124,"minecraft:iron_helmet":1,"minecraft:wooden_pickaxe":1,"travelersbackpack:standard":3,"minecraft:smithing_table":1,"biomesoplenty:fir_planks":216,"minecraft:dispenser":1,"minecraft:iron_chestplate":1,"minecraft:wooden_hoe":1,"minecraft:stick":116,"minecraft:iron_ingot":77,"minecraft:iron_pickaxe":7,"minecraft:snow_block":4,"minecraft:gold_ingot":9,"biomesoplenty:fir_door":3,"minecraft:coal":18,"minecraft:furnace":3,"travelersbackpack:gold_tier_upgrade":1,"travelersbackpack:blank_upgrade":4,"travelersbackpack:white_sleeping_bag":1,"minecraft:iron_axe":2,"minecraft:ladder":6,"minecraft:stone_pickaxe":1,"minecraft:cooked_beef":14,"minecraft:coal_block":3,"spore:living_core":1,"travelersbackpack:backpack_tank":4,"minecraft:bucket":1,"minecraft:bread":3,"minecraft:oak_boat":1,"minecraft:white_wool":3,"minecraft:wooden_axe":2,"minecraft:iron_shovel":1,"minecraft:iron_leggings":1,"minecraft:white_bed":1,"minecraft:acacia_planks":4,"minecraft:torch":152},"minecraft:killed":{"minecraft:cave_spider":1,"spore:braiomil":1,"minecraft:spider":3,"minecraft:skeleton":16,"minecraft:chicken":3,"minecraft:pig":5,"spore:inf_player":5,"minecraft:sheep":11,"spore:inf_villager":3,"minecraft:trader_llama":1,"spore:mound":4,"spore:inf_human":3,"minecraft:zombie":2,"minecraft:stray":1,"spore:knight":1,"minecraft:cow":4,"minecraft:horse":2,"spore:brute":1,"minecraft:wandering_trader":2},"minecraft:picked_up":{"spore:mutated_heart":7,"minecraft:wheat":10,"spore:infested_dirt":1,"minecraft:smithing_table":1,"minecraft:lead":3,"minecraft:wither_rose":4,"minecraft:enchanted_book":1,"minecraft:stone_brick_stairs":2,"minecraft:amethyst_block":1,"biomesoplenty:fir_trapdoor":2,"spore:innards":2,"minecraft:string":23,"minecraft:raw_copper":24,"minecraft:cobbled_deepslate":1139,"biomesoplenty:fir_planks":17,"minecraft:bucket":1,"minecraft:spruce_planks":17,"minecraft:iron_pickaxe":2,"minecraft:coal_block":31,"minecraft:furnace":7,"minecraft:iron_boots":1,"minecraft:stick":28,"minecraft:oak_fence":1,"minecraft:torch":120,"minecraft:spruce_stairs":1,"minecraft:porkchop":12,"tombstone:grave_dust":5,"minecraft:diorite":87,"spore:infested_gravel":2,"minecraft:stone_sword":1,"minecraft:rotten_flesh":8,"minecraft:iron_block":1,"minecraft:iron_bars":4,"minecraft:snowball":25,"minecraft:cobblestone":558,"minecraft:leather_chestplate":1,"minecraft:feather":4,"minecraft:lilac":1,"minecraft:andesite":23,"minecraft:potato":18,"biomesoplenty:fir_sapling":17,"biomesoplenty:fir_log":81,"minecraft:flint":13,"minecraft:tuff":19,"minecraft:lapis_lazuli":86,"minecraft:dirt":305,"minecraft:lantern":1,"minecraft:bone":22,"travelersbackpack:backpack_tank":2,"minecraft:acacia_planks":10,"minecraft:wheat_seeds":85,"minecraft:raw_gold":8,"minecraft:powered_rail":1,"spore:biomass_block":5,"minecraft:oak_planks":78,"spore:vent_door":1,"minecraft:cooked_porkchop":4,"spore:armor_fragment":21,"minecraft:dropper":2,"minecraft:jungle_planks":13,"minecraft:sand":24,"minecraft:cyan_bed":9,"minecraft:mossy_cobblestone":1,"minecraft:dark_prismarine":6,"minecraft:bundle":4,"spore:claw_fragment":15,"minecraft:dispenser":1,"minecraft:diamond":2,"waystones:waystone":12,"minecraft:granite":78,"minecraft:emerald":1,"minecraft:bread":5,"biomesoplenty:pink_daffodil":7,"minecraft:oak_sapling":2,"minecraft:crafting_table":11,"minecraft:chicken":5,"spore:armads":2,"minecraft:beef":8,"minecraft:oak_boat":1,"minecraft:spruce_slab":1,"minecraft:sugar_cane":17,"minecraft:chest":4,"minecraft:egg":4,"minecraft:raw_iron":89,"minecraft:redstone":31,"minecraft:arrow":21,"minecraft:jungle_stairs":2,"alexscaves:spelunkery_table":2,"minecraft:saddle":1,"minecraft:mutton":16,"minecraft:white_wool":12,"spore:rooted_biomass":3,"spore:infested_stone":33,"minecraft:leather":13,"minecraft:acacia_wood":6,"minecraft:filled_map":2,"minecraft:oak_log":19,"minecraft:wooden_hoe":2,"tombstone:gift":2,"minecraft:cooked_mutton":4,"minecraft:stone_bricks":19,"minecraft:iron_ingot":3,"minecraft:stone_pickaxe":2,"spore:mutated_fiber":34,"tombstone:bag_of_seeds":1,"spore:infested_cobbled_deepslate":1,"minecraft:sweet_berries":31,"minecraft:gravel":32,"minecraft:amethyst_shard":12,"minecraft:spruce_sapling":8,"minecraft:white_bed":1,"minecraft:spruce_log":32,"minecraft:spider_eye":3,"travelersbackpack:standard":16,"minecraft:oak_wood":10,"minecraft:stone_axe":2,"minecraft:gray_wool":1,"minecraft:baked_potato":2,"minecraft:dark_oak_wood":16,"minecraft:coal":173,"minecraft:hopper":2,"minecraft:wooden_axe":1},"minecraft:broken":{"minecraft:iron_shovel":1,"minecraft:iron_boots":2,"minecraft:iron_chestplate":1,"minecraft:iron_leggings":1,"minecraft:stone_pickaxe":2,"minecraft:iron_axe":1,"minecraft:iron_pickaxe":8,"minecraft:iron_helmet":2},"minecraft:custom":{"minecraft:interact_with_crafting_table":98,"minecraft:open_barrel":4,"minecraft:leave_game":11,"minecraft:time_since_death":52378,"minecraft:sprint_one_cm":1615864,"minecraft:drop":150,"minecraft:talked_to_villager":2,"minecraft:play_time":666804,"minecraft:deaths":55,"minecraft:jump":6247,"minecraft:walk_on_water_one_cm":53123,"minecraft:interact_with_furnace":114,"minecraft:interact_with_loom":2,"minecraft:sleep_in_bed":45,"minecraft:waystone_activated":14,"minecraft:damage_dealt":15942,"minecraft:player_kills":2,"minecraft:crouch_one_cm":64456,"tombstone:undead_killed":19,"tombstone:villager_killed":2,"minecraft:interact_with_smoker":2,"minecraft:interact_with_smithing_table":3,"minecraft:mob_kills":70,"minecraft:climb_one_cm":48511,"minecraft:walk_one_cm":820792,"minecraft:sneak_time":51265,"minecraft:walk_under_water_one_cm":54473,"minecraft:interact_with_blast_furnace":2,"minecraft:total_world_time":666804,"minecraft:time_since_rest":51475,"minecraft:damage_taken":18600,"minecraft:swim_one_cm":187643,"minecraft:fly_one_cm":924366,"minecraft:open_chest":154,"minecraft:fall_one_cm":138184},"minecraft:mined":{"spore:fungal_roots":15,"minecraft:spruce_planks":18,"minecraft:white_bed":1,"minecraft:oak_sapling":1,"spore:wall_growths":69,"minecraft:granite":55,"minecraft:grass_block":205,"spore:fungal_stem":24,"minecraft:coal_block":16,"minecraft:hopper":2,"spore:infested_dirt":3,"spore:mycelium_veins":27,"minecraft:iron_ore":60,"minecraft:cobbled_deepslate":53,"spore:infested_stone":114,"minecraft:deepslate_lapis_ore":11,"spore:growth_mycelium":35,"minecraft:dirt_path":1,"biomesoplenty:webbing":4,"minecraft:spruce_slab":1,"minecraft:tripwire":1,"minecraft:deepslate_redstone_ore":7,"minecraft:amethyst_cluster":3,"spore:growths_big":24,"minecraft:torch":27,"minecraft:jungle_stairs":1,"minecraft:dark_oak_wood":8,"minecraft:chest":4,"minecraft:cobblestone":131,"spore:biomass_block":7,"minecraft:cyan_bed":8,"minecraft:sugar_cane":10,"minecraft:oak_planks":71,"minecraft:wall_torch":65,"minecraft:amethyst_block":1,"spore:fungal_stem_sapling":5,"minecraft:powered_rail":1,"minecraft:wheat":10,"minecraft:blue_ice":9,"minecraft:lilac":1,"biomesoplenty:fir_log":51,"minecraft:stone_brick_stairs":1,"minecraft:grass":420,"minecraft:oak_log":19,"minecraft:sand":24,"minecraft:dirt":47,"spore:hanging_fungal_stem":18,"minecraft:dispenser":1,"minecraft:oak_leaves":2,"minecraft:deepslate":1181,"spore:remains":3,"minecraft:dark_prismarine":6,"alexscaves:spelunkery_table":2,"minecraft:tuff":30,"spore:wall_growths_big":78,"minecraft:mossy_cobblestone":3,"minecraft:deepslate_diamond_ore":2,"spore:infested_gravel":7,"biomesoplenty:bush":1,"minecraft:jungle_planks":13,"spore:rooted_biomass":3,"spore:infested_cobbled_deepslate":1,"minecraft:spruce_leaves":1,"spore:growths_small":21,"minecraft:furnace":6,"spore:blomfung":26,"minecraft:acacia_wood":6,"minecraft:andesite":23,"biomesoplenty:origin_leaves":5,"minecraft:potatoes":5,"biomesoplenty:high_grass":96,"minecraft:deepslate_iron_ore":10,"biomesoplenty:origin_grass_block":1,"minecraft:packed_ice":7,"biomesoplenty:spider_egg":2,"minecraft:stone":426,"minecraft:white_wool":2,"minecraft:smithing_table":1,"minecraft:hanging_roots":2,"travelersbackpack:standard":16,"minecraft:oak_fence":1,"minecraft:crafting_table":10,"minecraft:emerald_ore":1,"minecraft:oak_wood":10,"biomesoplenty:fir_planks":18,"minecraft:dropper":2,"biomesoplenty:high_grass_plant":153,"minecraft:tall_grass":54,"minecraft:copper_ore":7,"minecraft:deepslate_gold_ore":8,"spore:membrane_block":1,"minecraft:lapis_ore":2,"minecraft:diorite":73,"minecraft:spruce_stairs":1,"minecraft:birch_planks":2,"biomesoplenty:blue_hydrangea":1,"spore:bloomfung2":49,"minecraft:sweet_berry_bush":10,"biomesoplenty:pink_daffodil":4,"minecraft:spruce_log":35,"spore:fungal_stem_top":2,"minecraft:coal_ore":82,"minecraft:mycelium":147,"biomesoplenty:fir_leaves":4,"minecraft:gravel":40,"biomesoplenty:stringy_cobweb":12,"minecraft:cobweb":16,"minecraft:acacia_planks":4,"minecraft:stone_bricks":19,"minecraft:fern":17}},"DataVersion":3465}