{"stats":{"minecraft:crafted":{"minecraft:cherry_planks":88,"minecraft:cooked_cod":2,"minecraft:leather_boots":1,"minecraft:crafting_table":3,"minecraft:wooden_pickaxe":2,"minecraft:cooked_chicken":1,"minecraft:furnace":1,"minecraft:stone_axe":2,"minecraft:charcoal":9,"minecraft:stick":32,"minecraft:iron_ingot":6,"minecraft:iron_pickaxe":1,"minecraft:stone_pickaxe":3,"minecraft:wooden_axe":2,"minecraft:torch":36},"minecraft:broken":{"minecraft:stone_pickaxe":1},"minecraft:dropped":{"minecraft:wheat_seeds":6,"minecraft:cherry_sapling":4,"minecraft:cod":2,"minecraft:dirt":2,"minecraft:wooden_axe":2,"minecraft:cherry_planks":4,"minecraft:wooden_pickaxe":2,"minecraft:pink_petals":2},"minecraft:killed":{"minecraft:cod":7,"minecraft:sheep":4,"minecraft:horse":4,"minecraft:skeleton":1,"minecraft:chicken":5},"minecraft:mined":{"minecraft:white_bed":1,"minecraft:cherry_log":57,"minecraft:stripped_cherry_log":1,"minecraft:crafting_table":7,"minecraft:torch":2,"minecraft:grass_block":2,"minecraft:cobblestone":16,"minecraft:wall_torch":1,"minecraft:pink_petals":1,"minecraft:furnace":3,"minecraft:iron_ore":4,"minecraft:andesite":2,"minecraft:grass":15,"minecraft:coal_ore":62,"minecraft:dirt":2,"minecraft:stone":120,"minecraft:infested_stone":1},"minecraft:custom":{"minecraft:interact_with_furnace":16,"minecraft:mob_kills":21,"minecraft:interact_with_crafting_table":12,"minecraft:leave_game":3,"minecraft:time_since_death":7993,"minecraft:sleep_in_bed":1,"minecraft:time_since_rest":5229,"minecraft:sprint_one_cm":152458,"minecraft:damage_taken":2062,"minecraft:walk_one_cm":113199,"minecraft:drop":17,"minecraft:damage_dealt":2337,"minecraft:swim_one_cm":23877,"minecraft:player_kills":1,"minecraft:fly_one_cm":90136,"minecraft:crouch_one_cm":510,"minecraft:play_time":61705,"tombstone:undead_killed":1,"minecraft:deaths":7,"minecraft:sneak_time":380,"minecraft:walk_under_water_one_cm":10192,"minecraft:jump":810,"minecraft:walk_on_water_one_cm":10716,"minecraft:total_world_time":61705,"minecraft:fall_one_cm":11710},"minecraft:killed_by":{"minecraft:player":5,"minecraft:silverfish":1,"minecraft:skeleton":1},"minecraft:used":{"minecraft:cherry_sapling":18,"minecraft:stone_pickaxe":192,"minecraft:wooden_pickaxe":18,"minecraft:cherry_planks":6,"minecraft:leather_boots":1,"minecraft:cooked_chicken":1,"minecraft:rotten_flesh":1,"minecraft:torch":31,"minecraft:dirt":1,"minecraft:crafting_table":7,"minecraft:white_bed":1,"minecraft:wooden_axe":65,"minecraft:stone_axe":61,"minecraft:cobblestone":22,"minecraft:cooked_cod":2,"minecraft:furnace":3,"minecraft:cooked_porkchop":1,"minecraft:egg":2,"minecraft:stripped_cherry_log":1},"minecraft:picked_up":{"minecraft:pink_petals":2,"minecraft:crafting_table":7,"minecraft:feather":4,"minecraft:chicken":7,"minecraft:cherry_planks":4,"minecraft:andesite":2,"minecraft:leather":5,"minecraft:stripped_cherry_log":1,"minecraft:dirt":3,"minecraft:bone":2,"minecraft:bow":1,"minecraft:wheat_seeds":6,"minecraft:iron_ingot":3,"minecraft:stone_pickaxe":1,"minecraft:iron_pickaxe":1,"minecraft:egg":2,"minecraft:furnace":4,"minecraft:raw_iron":6,"minecraft:stick":19,"minecraft:cooked_porkchop":1,"minecraft:torch":5,"minecraft:cherry_log":53,"tombstone:grave_dust":1,"minecraft:white_bed":3,"minecraft:rotten_flesh":1,"minecraft:stone_axe":1,"minecraft:cherry_sapling":22,"minecraft:mutton":4,"minecraft:cod":9,"minecraft:coal":97,"minecraft:white_wool":4,"minecraft:cobblestone":136}},"DataVersion":3465}