{"stats":{"minecraft:custom":{"minecraft:interact_with_crafting_table":75,"minecraft:open_barrel":4,"minecraft:leave_game":7,"minecraft:time_since_death":20655,"minecraft:sprint_one_cm":1262649,"minecraft:drop":135,"minecraft:talked_to_villager":2,"minecraft:play_time":470802,"minecraft:deaths":45,"minecraft:jump":4956,"minecraft:walk_on_water_one_cm":50310,"minecraft:interact_with_furnace":112,"minecraft:interact_with_loom":1,"minecraft:sleep_in_bed":30,"minecraft:waystone_activated":13,"minecraft:damage_dealt":14077,"minecraft:player_kills":2,"minecraft:crouch_one_cm":24035,"tombstone:undead_killed":18,"tombstone:villager_killed":2,"minecraft:mob_kills":64,"minecraft:climb_one_cm":14399,"minecraft:walk_one_cm":583183,"minecraft:sneak_time":26499,"minecraft:walk_under_water_one_cm":52975,"minecraft:interact_with_blast_furnace":1,"minecraft:total_world_time":470802,"minecraft:time_since_rest":11540,"minecraft:damage_taken":16033,"minecraft:swim_one_cm":174922,"minecraft:fly_one_cm":771845,"minecraft:open_chest":107,"minecraft:fall_one_cm":94888},"minecraft:crafted":{"biomesoplenty:fir_trapdoor":2,"minecraft:oak_planks":32,"minecraft:cooked_chicken":1,"minecraft:cooked_mutton":6,"minecraft:glass":24,"minecraft:bow":1,"minecraft:iron_boots":1,"spore:fleshy_bone":1,"spore:fleshy_claw":4,"minecraft:chest":7,"travelersbackpack:iron_tier_upgrade":1,"minecraft:cooked_porkchop":12,"spore:infected_spear":1,"minecraft:crafting_table":2,"minecraft:spruce_planks":36,"minecraft:wooden_pickaxe":1,"travelersbackpack:standard":1,"minecraft:iron_helmet":1,"minecraft:smithing_table":1,"biomesoplenty:fir_planks":208,"minecraft:wooden_hoe":1,"minecraft:iron_chestplate":1,"minecraft:stick":76,"minecraft:iron_pickaxe":6,"minecraft:iron_ingot":77,"minecraft:snow_block":4,"minecraft:gold_ingot":9,"biomesoplenty:fir_door":3,"minecraft:coal":18,"minecraft:furnace":3,"travelersbackpack:blank_upgrade":4,"travelersbackpack:white_sleeping_bag":1,"minecraft:iron_axe":2,"minecraft:stone_pickaxe":1,"minecraft:cooked_beef":14,"minecraft:coal_block":3,"spore:living_core":1,"travelersbackpack:backpack_tank":4,"minecraft:bucket":1,"minecraft:bread":3,"minecraft:white_wool":3,"minecraft:wooden_axe":2,"minecraft:iron_leggings":1,"minecraft:white_bed":1,"minecraft:acacia_planks":4,"minecraft:torch":132},"minecraft:mined":{"spore:fungal_roots":2,"minecraft:spruce_planks":8,"minecraft:white_bed":1,"spore:wall_growths":15,"minecraft:granite":55,"minecraft:grass_block":10,"spore:fungal_stem":3,"minecraft:coal_block":16,"minecraft:iron_ore":60,"minecraft:cobbled_deepslate":47,"minecraft:deepslate_lapis_ore":11,"spore:growth_mycelium":2,"biomesoplenty:webbing":4,"minecraft:tripwire":1,"minecraft:amethyst_cluster":3,"spore:growths_big":2,"minecraft:torch":13,"minecraft:jungle_stairs":1,"minecraft:dark_oak_wood":8,"minecraft:chest":2,"minecraft:cobblestone":125,"minecraft:cyan_bed":6,"minecraft:sugar_cane":2,"minecraft:oak_planks":69,"minecraft:wall_torch":53,"minecraft:amethyst_block":1,"minecraft:powered_rail":1,"minecraft:wheat":10,"minecraft:blue_ice":9,"minecraft:lilac":1,"biomesoplenty:fir_log":49,"minecraft:stone_brick_stairs":1,"minecraft:grass":46,"minecraft:oak_log":7,"minecraft:sand":24,"minecraft:dirt":34,"minecraft:oak_leaves":2,"minecraft:deepslate":898,"alexscaves:spelunkery_table":2,"minecraft:tuff":26,"spore:wall_growths_big":14,"minecraft:mossy_cobblestone":3,"minecraft:deepslate_diamond_ore":2,"biomesoplenty:bush":1,"minecraft:jungle_planks":7,"spore:growths_small":2,"minecraft:furnace":6,"spore:blomfung":2,"minecraft:acacia_wood":6,"minecraft:andesite":23,"minecraft:potatoes":5,"minecraft:deepslate_iron_ore":10,"minecraft:packed_ice":7,"biomesoplenty:spider_egg":2,"minecraft:stone":395,"minecraft:white_wool":2,"minecraft:hanging_roots":2,"travelersbackpack:standard":12,"minecraft:oak_fence":1,"minecraft:crafting_table":10,"minecraft:emerald_ore":1,"minecraft:oak_wood":7,"biomesoplenty:fir_planks":18,"biomesoplenty:high_grass_plant":3,"minecraft:tall_grass":2,"minecraft:copper_ore":7,"minecraft:lapis_ore":2,"minecraft:deepslate_gold_ore":8,"spore:membrane_block":1,"minecraft:diorite":73,"minecraft:birch_planks":2,"biomesoplenty:blue_hydrangea":1,"spore:bloomfung2":5,"minecraft:sweet_berry_bush":10,"biomesoplenty:pink_daffodil":2,"minecraft:spruce_log":9,"minecraft:coal_ore":82,"biomesoplenty:fir_leaves":4,"minecraft:gravel":40,"biomesoplenty:stringy_cobweb":12,"minecraft:cobweb":16,"minecraft:acacia_planks":4,"minecraft:stone_bricks":19,"minecraft:fern":13},"minecraft:dropped":{"minecraft:iron_sword":1,"biomesoplenty:pink_daffodil":3,"minecraft:crafting_table":1,"biomesoplenty:fir_sapling":2,"minecraft:flint":9,"minecraft:dirt":23,"minecraft:dark_oak_wood":8,"minecraft:gravel":16,"minecraft:stone_axe":2,"minecraft:cobbled_deepslate":299,"minecraft:wheat":1,"minecraft:oak_planks":6,"minecraft:leather_chestplate":1,"minecraft:jungle_stairs":1,"minecraft:iron_bars":4,"spore:armads":1,"minecraft:stone_brick_stairs":1,"spore:armor_fragment":1,"minecraft:iron_ingot":7,"minecraft:wheat_seeds":27,"minecraft:cobblestone":57,"minecraft:amethyst_block":1,"minecraft:granite":62,"minecraft:coal_block":1,"minecraft:stick":7,"minecraft:diorite":20,"minecraft:wooden_hoe":1,"minecraft:torch":18,"biomesoplenty:fir_trapdoor":2,"tombstone:grave_key":1,"minecraft:wooden_axe":1,"minecraft:wither_rose":6,"minecraft:string":1,"minecraft:bucket":1,"minecraft:snow_block":4,"minecraft:furnace":1,"minecraft:stone_sword":1,"minecraft:cocoa_beans":1,"minecraft:raw_copper":19,"minecraft:tuff":3,"minecraft:torchflower_seeds":2,"minecraft:pumpkin_seeds":4,"biomesoplenty:fir_planks":7,"minecraft:spruce_planks":3,"minecraft:bundle":2,"minecraft:stone_bricks":2,"minecraft:bow":1,"minecraft:stone_pickaxe":1,"minecraft:wooden_pickaxe":1},"minecraft:broken":{"minecraft:iron_boots":2,"minecraft:iron_chestplate":1,"minecraft:iron_leggings":1,"minecraft:stone_pickaxe":2,"minecraft:iron_axe":1,"minecraft:iron_pickaxe":6,"minecraft:iron_helmet":2},"minecraft:picked_up":{"spore:mutated_heart":2,"minecraft:wheat":10,"minecraft:lead":3,"minecraft:wither_rose":4,"minecraft:enchanted_book":1,"minecraft:stone_brick_stairs":2,"biomesoplenty:fir_trapdoor":2,"minecraft:amethyst_block":1,"minecraft:string":23,"spore:innards":2,"minecraft:raw_copper":24,"minecraft:cobbled_deepslate":876,"biomesoplenty:fir_planks":17,"minecraft:bucket":1,"minecraft:spruce_planks":8,"minecraft:iron_pickaxe":2,"minecraft:coal_block":31,"minecraft:iron_boots":1,"minecraft:furnace":7,"minecraft:stick":11,"minecraft:oak_fence":1,"minecraft:torch":97,"minecraft:porkchop":12,"tombstone:grave_dust":4,"minecraft:diorite":87,"minecraft:stone_sword":1,"minecraft:rotten_flesh":8,"minecraft:iron_block":1,"minecraft:iron_bars":4,"minecraft:snowball":25,"minecraft:cobblestone":524,"minecraft:leather_chestplate":1,"minecraft:feather":2,"minecraft:lilac":1,"minecraft:andesite":23,"minecraft:potato":18,"biomesoplenty:fir_log":79,"biomesoplenty:fir_sapling":17,"minecraft:flint":13,"minecraft:tuff":15,"minecraft:dirt":49,"minecraft:lapis_lazuli":86,"minecraft:lantern":1,"minecraft:bone":20,"travelersbackpack:backpack_tank":2,"minecraft:acacia_planks":10,"minecraft:wheat_seeds":42,"minecraft:raw_gold":8,"minecraft:powered_rail":1,"minecraft:oak_planks":76,"spore:vent_door":1,"minecraft:cooked_porkchop":4,"spore:armor_fragment":21,"minecraft:jungle_planks":7,"minecraft:sand":24,"minecraft:cyan_bed":7,"minecraft:mossy_cobblestone":1,"spore:claw_fragment":15,"minecraft:bundle":4,"minecraft:diamond":2,"waystones:waystone":11,"minecraft:granite":78,"minecraft:emerald":1,"minecraft:bread":5,"biomesoplenty:pink_daffodil":3,"minecraft:crafting_table":11,"minecraft:chicken":3,"spore:armads":2,"minecraft:beef":8,"minecraft:sugar_cane":4,"minecraft:chest":2,"minecraft:egg":4,"minecraft:raw_iron":89,"minecraft:arrow":19,"minecraft:jungle_stairs":2,"alexscaves:spelunkery_table":2,"minecraft:saddle":1,"minecraft:mutton":16,"minecraft:white_wool":12,"minecraft:leather":11,"minecraft:acacia_wood":6,"minecraft:oak_log":7,"minecraft:wooden_hoe":2,"tombstone:gift":2,"minecraft:cooked_mutton":4,"minecraft:stone_bricks":19,"minecraft:iron_ingot":3,"minecraft:stone_pickaxe":2,"tombstone:bag_of_seeds":1,"spore:mutated_fiber":14,"minecraft:sweet_berries":31,"minecraft:gravel":32,"minecraft:amethyst_shard":12,"minecraft:spruce_sapling":2,"minecraft:white_bed":1,"minecraft:spruce_log":9,"minecraft:spider_eye":3,"travelersbackpack:standard":12,"minecraft:oak_wood":7,"minecraft:stone_axe":2,"minecraft:gray_wool":1,"minecraft:baked_potato":2,"minecraft:dark_oak_wood":16,"minecraft:coal":173,"minecraft:wooden_axe":1},"minecraft:killed":{"minecraft:cave_spider":1,"spore:braiomil":1,"minecraft:spider":3,"minecraft:skeleton":15,"minecraft:chicken":3,"minecraft:pig":5,"spore:inf_player":5,"spore:inf_villager":3,"minecraft:sheep":11,"minecraft:trader_llama":1,"minecraft:zombie":2,"spore:inf_human":2,"minecraft:stray":1,"spore:knight":1,"minecraft:cow":4,"minecraft:horse":2,"spore:brute":1,"minecraft:wandering_trader":2},"minecraft:killed_by":{"spore:inquisitor":3,"sanitydim:rotting_stalker":1,"man:managgresive":4,"spore:inf_player":5,"sanitydim:sneaking_terror":1,"spore:wendigo":1,"spore:gazenbreacher":2,"minecraft:player":5,"spore:busser":1,"minecraft:skeleton":11},"minecraft:used":{"minecraft:chest":7,"minecraft:iron_sword":152,"minecraft:rotten_flesh":2,"minecraft:iron_chestplate":2,"minecraft:mutton":6,"minecraft:jungle_planks":1,"minecraft:snowball":25,"minecraft:lava_bucket":27,"biomesoplenty:fir_sapling":3,"minecraft:lantern":1,"minecraft:iron_helmet":1,"minecraft:stone_bricks":14,"minecraft:sweet_berries":42,"minecraft:furnace":7,"biomesoplenty:fir_trapdoor":1,"minecraft:egg":4,"minecraft:potato":13,"minecraft:diorite":4,"spore:armads":2,"minecraft:powered_rail":1,"minecraft:stone_pickaxe":277,"minecraft:oak_planks":49,"minecraft:wooden_pickaxe":3,"biomesoplenty:fir_planks":97,"minecraft:sugar_cane":4,"minecraft:white_wool":2,"minecraft:blue_ice":64,"waystones:waystone":11,"minecraft:cyan_bed":7,"minecraft:bread":21,"minecraft:string":1,"minecraft:gravel":4,"minecraft:lilac":1,"minecraft:smithing_table":1,"minecraft:andesite":5,"minecraft:oak_fence":1,"minecraft:stone_sword":11,"minecraft:spruce_planks":21,"minecraft:cooked_chicken":1,"spore:infected_spear":47,"minecraft:torch":191,"spore:vent_door":1,"minecraft:dirt":9,"minecraft:granite":16,"minecraft:wooden_axe":12,"spore:living_helmet":1,"minecraft:iron_axe":315,"minecraft:iron_boots":6,"alexscaves:spelunkery_table":1,"tombstone:gift":5,"minecraft:acacia_wood":5,"minecraft:cooked_beef":14,"minecraft:cobbled_deepslate":329,"minecraft:acacia_planks":5,"minecraft:iron_leggings":2,"minecraft:wheat_seeds":13,"minecraft:cooked_mutton":10,"minecraft:water_bucket":8,"minecraft:baked_potato":2,"minecraft:mossy_cobblestone":1,"minecraft:crafting_table":11,"minecraft:white_bed":2,"tombstone:bag_of_seeds":1,"minecraft:wooden_hoe":25,"minecraft:apple":12,"minecraft:chicken":2,"minecraft:iron_pickaxe":1674,"minecraft:jungle_stairs":1,"minecraft:spruce_sapling":2,"minecraft:stone_axe":20,"minecraft:cobblestone":409,"biomesoplenty:fir_door":2,"travelersbackpack:standard":10,"minecraft:cooked_porkchop":8,"minecraft:bucket":35}},"DataVersion":3465}