{"stats":{"minecraft:crafted":{"minecraft:cherry_planks":88,"minecraft:cooked_cod":2,"minecraft:leather_boots":1,"minecraft:crafting_table":3,"minecraft:wooden_pickaxe":2,"minecraft:cooked_chicken":5,"minecraft:furnace":1,"minecraft:stone_axe":2,"minecraft:cooked_mutton":4,"minecraft:charcoal":9,"minecraft:stick":32,"minecraft:iron_ingot":6,"minecraft:iron_pickaxe":1,"minecraft:stone_pickaxe":3,"minecraft:wooden_axe":2,"minecraft:stone_sword":1,"minecraft:torch":64},"minecraft:broken":{"minecraft:stone_pickaxe":1},"minecraft:dropped":{"minecraft:wheat_seeds":6,"minecraft:cherry_sapling":11,"minecraft:chicken":1,"minecraft:glow_berries":6,"minecraft:cod":2,"minecraft:dirt":2,"minecraft:wooden_axe":2,"minecraft:cherry_planks":4,"minecraft:wooden_pickaxe":2,"minecraft:pink_petals":2},"minecraft:killed":{"minecraft:cave_spider":1,"minecraft:cod":7,"minecraft:sheep":4,"minecraft:horse":4,"minecraft:skeleton":1,"minecraft:chicken":5},"minecraft:mined":{"minecraft:white_bed":2,"minecraft:cherry_log":57,"minecraft:stripped_cherry_log":1,"minecraft:crafting_table":7,"minecraft:torch":2,"minecraft:grass_block":2,"minecraft:cobblestone":18,"minecraft:lapis_ore":5,"minecraft:wall_torch":1,"minecraft:pink_petals":1,"minecraft:redstone_ore":4,"minecraft:furnace":4,"minecraft:iron_ore":11,"minecraft:andesite":2,"minecraft:pumpkin":3,"minecraft:grass":15,"minecraft:coal_ore":71,"minecraft:dirt":2,"minecraft:cobweb":6,"minecraft:stone":138,"minecraft:infested_stone":1},"minecraft:custom":{"minecraft:interact_with_furnace":26,"minecraft:mob_kills":22,"minecraft:interact_with_crafting_table":13,"minecraft:leave_game":3,"minecraft:time_since_death":441,"minecraft:sleep_in_bed":1,"minecraft:time_since_rest":1,"minecraft:sprint_one_cm":208828,"minecraft:damage_taken":2811,"minecraft:walk_one_cm":165396,"minecraft:drop":25,"minecraft:damage_dealt":2588,"minecraft:swim_one_cm":23877,"minecraft:player_kills":1,"minecraft:fly_one_cm":130153,"minecraft:crouch_one_cm":1512,"minecraft:play_time":85705,"tombstone:undead_killed":1,"minecraft:deaths":9,"minecraft:sneak_time":965,"minecraft:walk_under_water_one_cm":10192,"minecraft:jump":1137,"minecraft:walk_on_water_one_cm":10716,"minecraft:total_world_time":85705,"minecraft:fall_one_cm":17003},"minecraft:killed_by":{"minecraft:player":5,"minecraft:silverfish":1,"minecraft:cave_spider":1,"minecraft:skeleton":1,"spore:scamper":1},"minecraft:used":{"minecraft:cooked_mutton":2,"minecraft:cherry_sapling":18,"minecraft:stone_sword":6,"minecraft:stone_pickaxe":224,"minecraft:wooden_pickaxe":18,"minecraft:cherry_planks":6,"minecraft:leather_boots":1,"minecraft:cooked_chicken":3,"minecraft:rotten_flesh":1,"minecraft:torch":57,"minecraft:glow_berries":1,"minecraft:dirt":2,"minecraft:crafting_table":7,"minecraft:white_bed":2,"minecraft:granite":2,"minecraft:wooden_axe":65,"minecraft:iron_pickaxe":14,"minecraft:stone_axe":71,"minecraft:cobblestone":47,"minecraft:cooked_cod":3,"minecraft:furnace":4,"minecraft:cooked_porkchop":1,"minecraft:egg":2,"minecraft:stripped_cherry_log":1},"minecraft:picked_up":{"minecraft:pink_petals":2,"minecraft:crafting_table":7,"minecraft:feather":4,"minecraft:chicken":8,"minecraft:cherry_planks":4,"minecraft:andesite":2,"minecraft:leather":5,"minecraft:flint":1,"minecraft:stripped_cherry_log":1,"minecraft:string":2,"minecraft:lapis_lazuli":30,"minecraft:dirt":4,"minecraft:bone":2,"minecraft:bow":1,"minecraft:wheat_seeds":6,"minecraft:iron_ingot":3,"minecraft:stone_pickaxe":1,"spore:mutated_fiber":3,"minecraft:iron_pickaxe":1,"minecraft:egg":3,"minecraft:furnace":5,"minecraft:raw_iron":11,"minecraft:stick":19,"minecraft:cooked_porkchop":1,"minecraft:pumpkin":3,"minecraft:torch":5,"minecraft:cherry_log":53,"tombstone:grave_dust":1,"minecraft:white_bed":4,"minecraft:redstone":20,"minecraft:spider_eye":1,"minecraft:rotten_flesh":1,"minecraft:cooked_cod":2,"minecraft:stone_axe":1,"minecraft:granite":2,"minecraft:cherry_sapling":29,"minecraft:mutton":4,"minecraft:cod":9,"minecraft:coal":146,"minecraft:white_wool":4,"minecraft:cobblestone":154}},"DataVersion":3465}