{"stats":{"minecraft:picked_up":{"minecraft:crafting_table":5,"spore:mutated_heart":1,"minecraft:wheat":10,"minecraft:lead":2,"minecraft:amethyst_block":1,"minecraft:string":20,"minecraft:raw_copper":4,"biomesoplenty:fir_planks":13,"minecraft:spruce_planks":2,"minecraft:beef":8,"minecraft:coal_block":15,"minecraft:furnace":2,"minecraft:egg":2,"minecraft:stick":3,"minecraft:raw_iron":41,"minecraft:oak_fence":1,"minecraft:torch":5,"minecraft:porkchop":1,"minecraft:diorite":13,"minecraft:rotten_flesh":6,"alexscaves:spelunkery_table":1,"minecraft:iron_block":1,"minecraft:mutton":6,"minecraft:snowball":25,"minecraft:white_wool":5,"minecraft:cobblestone":151,"minecraft:leather_chestplate":1,"minecraft:andesite":2,"minecraft:leather":8,"biomesoplenty:fir_sapling":13,"biomesoplenty:fir_log":70,"minecraft:flint":1,"minecraft:oak_log":7,"minecraft:dirt":9,"minecraft:lantern":1,"minecraft:bone":2,"minecraft:wheat_seeds":36,"minecraft:iron_ingot":2,"spore:mutated_fiber":9,"minecraft:powered_rail":1,"minecraft:oak_planks":13,"spore:vent_door":1,"minecraft:sweet_berries":31,"spore:armor_fragment":7,"minecraft:gravel":4,"minecraft:sand":12,"minecraft:amethyst_shard":12,"minecraft:spruce_sapling":2,"minecraft:white_bed":1,"minecraft:spruce_log":9,"minecraft:cyan_bed":6,"minecraft:spider_eye":3,"minecraft:mossy_cobblestone":1,"spore:claw_fragment":8,"waystones:waystone":1,"minecraft:emerald":1,"minecraft:bread":5,"minecraft:baked_potato":2,"minecraft:coal":92},"minecraft:killed":{"minecraft:cave_spider":1,"spore:braiomil":1,"minecraft:spider":2,"minecraft:skeleton":1,"minecraft:pig":1,"spore:inf_player":1,"minecraft:wandering_trader":1,"minecraft:sheep":5,"spore:inf_villager":1,"minecraft:trader_llama":1,"spore:inf_human":1,"spore:knight":1,"minecraft:cow":4},"minecraft:crafted":{"minecraft:oak_planks":4,"minecraft:furnace":1,"minecraft:glass":12,"travelersbackpack:white_sleeping_bag":1,"minecraft:iron_boots":1,"minecraft:iron_axe":2,"minecraft:stone_pickaxe":1,"minecraft:chest":4,"minecraft:cooked_beef":14,"minecraft:coal_block":3,"minecraft:cooked_porkchop":9,"minecraft:crafting_table":1,"minecraft:spruce_planks":36,"travelersbackpack:backpack_tank":2,"minecraft:wooden_pickaxe":1,"minecraft:iron_helmet":1,"minecraft:bucket":1,"minecraft:bread":3,"biomesoplenty:fir_planks":172,"minecraft:white_wool":1,"minecraft:iron_chestplate":1,"minecraft:wooden_hoe":1,"minecraft:stick":32,"minecraft:iron_pickaxe":1,"minecraft:iron_ingot":41,"minecraft:wooden_axe":1,"minecraft:snow_block":4,"minecraft:iron_leggings":1,"minecraft:torch":60,"biomesoplenty:fir_door":3},"minecraft:mined":{"alexscaves:spelunkery_table":1,"minecraft:spruce_planks":2,"minecraft:white_bed":1,"minecraft:mossy_cobblestone":3,"minecraft:grass_block":5,"minecraft:coal_block":16,"minecraft:furnace":2,"minecraft:iron_ore":41,"minecraft:andesite":2,"minecraft:packed_ice":7,"biomesoplenty:spider_egg":2,"minecraft:stone":103,"minecraft:amethyst_cluster":3,"minecraft:oak_fence":1,"minecraft:crafting_table":5,"minecraft:torch":3,"minecraft:emerald_ore":1,"biomesoplenty:fir_planks":13,"minecraft:copper_ore":1,"minecraft:cobblestone":58,"minecraft:cyan_bed":5,"minecraft:oak_planks":5,"minecraft:diorite":15,"minecraft:amethyst_block":1,"minecraft:powered_rail":1,"minecraft:wheat":10,"minecraft:sweet_berry_bush":10,"minecraft:blue_ice":9,"minecraft:spruce_log":9,"biomesoplenty:fir_log":40,"minecraft:grass":26,"minecraft:oak_log":7,"minecraft:coal_ore":49,"minecraft:gravel":6,"minecraft:sand":12,"minecraft:dirt":5,"biomesoplenty:stringy_cobweb":11,"minecraft:cobweb":16,"minecraft:oak_leaves":2,"minecraft:fern":6},"minecraft:broken":{"minecraft:stone_pickaxe":1},"minecraft:custom":{"minecraft:mob_kills":21,"minecraft:interact_with_crafting_table":30,"minecraft:open_barrel":4,"minecraft:leave_game":1,"minecraft:time_since_death":4678,"minecraft:climb_one_cm":4256,"minecraft:sprint_one_cm":420387,"minecraft:walk_one_cm":170563,"minecraft:drop":22,"minecraft:play_time":141618,"minecraft:deaths":13,"minecraft:sneak_time":3650,"minecraft:walk_under_water_one_cm":33841,"minecraft:jump":1766,"minecraft:interact_with_blast_furnace":1,"minecraft:walk_on_water_one_cm":38314,"minecraft:total_world_time":141618,"minecraft:interact_with_furnace":60,"minecraft:interact_with_loom":1,"minecraft:sleep_in_bed":20,"minecraft:time_since_rest":3891,"minecraft:waystone_activated":1,"minecraft:damage_taken":5060,"minecraft:damage_dealt":5683,"minecraft:swim_one_cm":122269,"minecraft:fly_one_cm":337450,"minecraft:player_kills":1,"minecraft:open_chest":34,"minecraft:crouch_one_cm":2577,"tombstone:undead_killed":1,"tombstone:villager_killed":1,"minecraft:fall_one_cm":45595},"minecraft:dropped":{"minecraft:iron_ingot":7,"minecraft:wheat_seeds":21,"minecraft:amethyst_block":1,"minecraft:stick":4,"minecraft:flint":1,"tombstone:grave_key":1,"minecraft:wooden_axe":1,"minecraft:snow_block":4,"minecraft:gravel":1,"minecraft:raw_copper":4,"minecraft:wheat":1,"minecraft:oak_planks":6,"minecraft:leather_chestplate":1,"minecraft:wooden_pickaxe":1},"minecraft:used":{"minecraft:oak_fence":1,"minecraft:chest":4,"minecraft:spruce_planks":18,"minecraft:iron_sword":88,"minecraft:rotten_flesh":2,"minecraft:iron_chestplate":1,"minecraft:torch":38,"spore:vent_door":1,"minecraft:dirt":9,"minecraft:snowball":25,"minecraft:wooden_axe":8,"minecraft:lantern":1,"minecraft:iron_axe":151,"biomesoplenty:fir_sapling":3,"minecraft:iron_helmet":1,"minecraft:iron_boots":1,"alexscaves:spelunkery_table":1,"minecraft:sweet_berries":42,"minecraft:furnace":3,"tombstone:gift":1,"minecraft:egg":2,"minecraft:cooked_beef":6,"minecraft:potato":5,"minecraft:iron_leggings":1,"minecraft:wheat_seeds":13,"minecraft:water_bucket":2,"minecraft:diorite":4,"minecraft:powered_rail":1,"minecraft:stone_pickaxe":131,"minecraft:baked_potato":2,"minecraft:oak_planks":5,"minecraft:wooden_pickaxe":3,"biomesoplenty:fir_planks":59,"minecraft:mossy_cobblestone":1,"minecraft:crafting_table":6,"minecraft:blue_ice":64,"minecraft:white_bed":1,"waystones:waystone":1,"minecraft:wooden_hoe":21,"minecraft:bread":11,"minecraft:cyan_bed":6,"minecraft:iron_pickaxe":185,"minecraft:spruce_sapling":2,"minecraft:gravel":3,"minecraft:cobblestone":129,"biomesoplenty:fir_door":2,"minecraft:andesite":2,"minecraft:bucket":2},"minecraft:killed_by":{"minecraft:player":2,"spore:busser":1,"spore:inquisitor":1,"sanitydim:rotting_stalker":1,"spore:inf_player":2,"man:managgresive":2}},"DataVersion":3465}