{"stats":{"minecraft:picked_up":{"spore:mutated_heart":1,"minecraft:crafting_table":5,"minecraft:wheat":10,"minecraft:lead":2,"minecraft:amethyst_block":1,"minecraft:string":7,"minecraft:raw_copper":4,"biomesoplenty:fir_planks":13,"minecraft:spruce_planks":2,"minecraft:beef":8,"minecraft:coal_block":15,"minecraft:egg":1,"minecraft:furnace":2,"minecraft:stick":3,"minecraft:raw_iron":33,"minecraft:oak_fence":1,"minecraft:torch":2,"minecraft:porkchop":1,"minecraft:rotten_flesh":6,"alexscaves:spelunkery_table":1,"minecraft:mutton":5,"minecraft:snowball":25,"minecraft:white_wool":3,"minecraft:cobblestone":142,"minecraft:andesite":2,"minecraft:leather":8,"biomesoplenty:fir_sapling":13,"biomesoplenty:fir_log":70,"minecraft:flint":1,"minecraft:oak_log":7,"minecraft:dirt":6,"minecraft:lantern":1,"minecraft:wheat_seeds":36,"minecraft:iron_ingot":1,"spore:mutated_fiber":5,"minecraft:powered_rail":1,"minecraft:oak_planks":13,"spore:vent_door":1,"minecraft:sweet_berries":31,"spore:armor_fragment":1,"minecraft:gravel":4,"minecraft:amethyst_shard":12,"minecraft:spruce_sapling":2,"minecraft:white_bed":1,"minecraft:spruce_log":9,"minecraft:cyan_bed":6,"minecraft:spider_eye":2,"minecraft:mossy_cobblestone":1,"spore:claw_fragment":2,"waystones:waystone":1,"minecraft:bread":5,"minecraft:emerald":1,"minecraft:baked_potato":2,"minecraft:coal":87},"minecraft:killed":{"spore:braiomil":1,"minecraft:spider":2,"minecraft:pig":1,"spore:inf_player":1,"minecraft:wandering_trader":1,"minecraft:sheep":4,"spore:inf_villager":1,"minecraft:trader_llama":1,"spore:inf_human":1,"minecraft:cow":4},"minecraft:crafted":{"minecraft:oak_planks":4,"minecraft:furnace":1,"minecraft:iron_boots":1,"minecraft:iron_axe":1,"minecraft:stone_pickaxe":1,"minecraft:chest":4,"minecraft:cooked_beef":14,"minecraft:coal_block":3,"minecraft:cooked_porkchop":9,"minecraft:crafting_table":1,"minecraft:spruce_planks":36,"minecraft:wooden_pickaxe":1,"minecraft:iron_helmet":1,"minecraft:bucket":1,"minecraft:bread":3,"biomesoplenty:fir_planks":172,"minecraft:wooden_hoe":1,"minecraft:iron_chestplate":1,"minecraft:stick":32,"minecraft:iron_pickaxe":1,"minecraft:iron_ingot":32,"minecraft:wooden_axe":1,"minecraft:snow_block":4,"minecraft:iron_leggings":1,"minecraft:torch":16,"biomesoplenty:fir_door":3},"minecraft:mined":{"alexscaves:spelunkery_table":1,"minecraft:spruce_planks":2,"minecraft:white_bed":1,"minecraft:mossy_cobblestone":3,"minecraft:grass_block":3,"minecraft:coal_block":16,"minecraft:furnace":2,"minecraft:iron_ore":33,"minecraft:andesite":2,"minecraft:packed_ice":7,"minecraft:stone":95,"minecraft:amethyst_cluster":3,"minecraft:oak_fence":1,"minecraft:crafting_table":5,"minecraft:emerald_ore":1,"biomesoplenty:fir_planks":13,"minecraft:copper_ore":1,"minecraft:cobblestone":54,"minecraft:cyan_bed":5,"minecraft:oak_planks":5,"minecraft:amethyst_block":1,"minecraft:powered_rail":1,"minecraft:wheat":10,"minecraft:sweet_berry_bush":10,"minecraft:blue_ice":9,"minecraft:spruce_log":9,"biomesoplenty:fir_log":40,"minecraft:grass":24,"minecraft:coal_ore":44,"minecraft:oak_log":7,"minecraft:gravel":6,"minecraft:dirt":4,"minecraft:cobweb":5,"minecraft:oak_leaves":2,"minecraft:fern":6},"minecraft:broken":{"minecraft:stone_pickaxe":1},"minecraft:custom":{"minecraft:mob_kills":17,"minecraft:interact_with_crafting_table":22,"minecraft:open_barrel":4,"minecraft:time_since_death":11231,"minecraft:climb_one_cm":4256,"minecraft:sprint_one_cm":314766,"minecraft:walk_one_cm":133438,"minecraft:drop":19,"minecraft:play_time":111890,"minecraft:deaths":10,"minecraft:sneak_time":3206,"minecraft:walk_under_water_one_cm":33073,"minecraft:jump":1404,"minecraft:interact_with_blast_furnace":1,"minecraft:walk_on_water_one_cm":33287,"minecraft:total_world_time":111890,"minecraft:interact_with_furnace":42,"minecraft:interact_with_loom":1,"minecraft:sleep_in_bed":18,"minecraft:time_since_rest":9986,"minecraft:damage_taken":3775,"minecraft:damage_dealt":5141,"minecraft:swim_one_cm":118353,"minecraft:fly_one_cm":275765,"minecraft:player_kills":1,"minecraft:open_chest":23,"minecraft:crouch_one_cm":2270,"tombstone:villager_killed":1,"minecraft:fall_one_cm":32183},"minecraft:dropped":{"minecraft:iron_ingot":1,"minecraft:wheat_seeds":21,"minecraft:amethyst_block":1,"minecraft:stick":4,"minecraft:flint":1,"minecraft:wooden_axe":1,"minecraft:snow_block":4,"minecraft:gravel":1,"minecraft:raw_copper":4,"minecraft:wheat":1,"minecraft:oak_planks":6,"minecraft:wooden_pickaxe":1},"minecraft:used":{"minecraft:oak_fence":1,"minecraft:chest":4,"minecraft:spruce_planks":18,"minecraft:iron_sword":57,"minecraft:rotten_flesh":2,"minecraft:iron_chestplate":1,"minecraft:torch":15,"spore:vent_door":1,"minecraft:dirt":6,"minecraft:snowball":25,"minecraft:wooden_axe":8,"minecraft:iron_axe":143,"minecraft:lantern":1,"biomesoplenty:fir_sapling":3,"minecraft:iron_helmet":1,"minecraft:iron_boots":1,"alexscaves:spelunkery_table":1,"minecraft:sweet_berries":42,"minecraft:furnace":3,"tombstone:gift":1,"minecraft:egg":1,"minecraft:potato":5,"minecraft:cooked_beef":2,"minecraft:iron_leggings":1,"minecraft:wheat_seeds":13,"minecraft:water_bucket":2,"minecraft:stone_pickaxe":131,"minecraft:powered_rail":1,"minecraft:baked_potato":2,"minecraft:oak_planks":5,"minecraft:wooden_pickaxe":3,"biomesoplenty:fir_planks":59,"minecraft:mossy_cobblestone":1,"minecraft:crafting_table":6,"minecraft:blue_ice":64,"minecraft:white_bed":1,"minecraft:wooden_hoe":21,"minecraft:bread":11,"minecraft:cyan_bed":6,"minecraft:iron_pickaxe":145,"minecraft:gravel":3,"minecraft:spruce_sapling":2,"minecraft:cobblestone":111,"biomesoplenty:fir_door":2,"minecraft:bucket":2,"minecraft:andesite":2},"minecraft:killed_by":{"minecraft:player":2,"spore:busser":1,"sanitydim:rotting_stalker":1,"man:managgresive":1,"spore:inf_player":2}},"DataVersion":3465}