{"stats":{"minecraft:crafted":{"minecraft:cherry_planks":88,"minecraft:cooked_cod":2,"minecraft:leather_boots":1,"minecraft:crafting_table":3,"minecraft:wooden_pickaxe":3,"minecraft:cooked_chicken":5,"minecraft:furnace":1,"minecraft:stone_axe":2,"minecraft:cooked_mutton":4,"minecraft:iron_chestplate":1,"minecraft:charcoal":9,"minecraft:iron_axe":1,"minecraft:stick":60,"minecraft:iron_ingot":20,"minecraft:iron_pickaxe":1,"minecraft:stone_pickaxe":4,"minecraft:wooden_axe":2,"minecraft:stone_sword":1,"minecraft:iron_leggings":1,"minecraft:torch":100},"minecraft:broken":{"minecraft:stone_pickaxe":2,"minecraft:stone_axe":1},"minecraft:dropped":{"minecraft:wheat_seeds":6,"minecraft:cooked_chicken":1,"minecraft:raw_copper":8,"minecraft:cobbled_deepslate":2,"minecraft:cherry_sapling":11,"minecraft:chicken":1,"minecraft:glow_berries":6,"minecraft:cooked_mutton":2,"minecraft:coal":2,"minecraft:flint":1,"minecraft:cod":2,"minecraft:dirt":2,"minecraft:wooden_axe":2,"minecraft:cherry_planks":4,"minecraft:wooden_pickaxe":2,"minecraft:pink_petals":2},"minecraft:killed":{"minecraft:cave_spider":2,"minecraft:cod":7,"minecraft:sheep":4,"minecraft:horse":4,"minecraft:skeleton":1,"minecraft:zombie":2,"minecraft:chicken":5},"minecraft:mined":{"minecraft:white_bed":4,"minecraft:cherry_log":57,"minecraft:stripped_cherry_log":1,"minecraft:oak_fence":4,"minecraft:crafting_table":11,"minecraft:torch":3,"minecraft:grass_block":3,"minecraft:cobblestone":28,"minecraft:deepslate_gold_ore":3,"minecraft:lapis_ore":5,"minecraft:oak_planks":22,"minecraft:diorite":9,"minecraft:wall_torch":14,"minecraft:deepslate_copper_ore":2,"minecraft:spawner":1,"minecraft:pink_petals":1,"minecraft:redstone_ore":4,"minecraft:furnace":6,"minecraft:iron_ore":11,"minecraft:cobbled_deepslate":2,"minecraft:andesite":5,"minecraft:pumpkin":3,"minecraft:grass":17,"minecraft:coal_ore":71,"minecraft:rail":1,"minecraft:deepslate_iron_ore":26,"minecraft:dirt":4,"minecraft:cobweb":37,"minecraft:stone":228,"minecraft:deepslate":55,"minecraft:infested_stone":1},"minecraft:custom":{"minecraft:interact_with_furnace":40,"minecraft:mob_kills":25,"minecraft:open_barrel":1,"minecraft:interact_with_crafting_table":26,"minecraft:leave_game":3,"minecraft:time_since_death":15252,"minecraft:sleep_in_bed":4,"minecraft:time_since_rest":14227,"minecraft:sprint_one_cm":320683,"minecraft:damage_taken":3910,"minecraft:walk_one_cm":270360,"minecraft:drop":34,"minecraft:damage_dealt":3053,"minecraft:swim_one_cm":23877,"minecraft:player_kills":2,"minecraft:fly_one_cm":195094,"minecraft:crouch_one_cm":2437,"minecraft:play_time":133705,"tombstone:undead_killed":3,"minecraft:deaths":12,"minecraft:sneak_time":2023,"minecraft:walk_under_water_one_cm":10192,"minecraft:jump":1528,"minecraft:walk_on_water_one_cm":22484,"minecraft:total_world_time":133705,"minecraft:fall_one_cm":26137},"minecraft:killed_by":{"minecraft:player":6,"minecraft:silverfish":1,"minecraft:cave_spider":1,"minecraft:skeleton":1,"minecraft:zombie":1,"spore:inf_human":1,"spore:scamper":1},"minecraft:used":{"minecraft:oak_fence":4,"minecraft:cooked_mutton":3,"minecraft:cherry_sapling":18,"minecraft:diorite":8,"minecraft:stone_sword":38,"minecraft:stone_pickaxe":359,"minecraft:oak_planks":9,"minecraft:wooden_pickaxe":59,"minecraft:cherry_planks":6,"minecraft:leather_boots":1,"minecraft:cooked_chicken":4,"minecraft:rotten_flesh":1,"minecraft:iron_chestplate":1,"minecraft:white_wool":4,"minecraft:torch":94,"minecraft:glow_berries":1,"minecraft:dirt":5,"minecraft:crafting_table":10,"minecraft:white_bed":5,"minecraft:granite":2,"minecraft:wooden_axe":65,"minecraft:iron_axe":11,"minecraft:iron_pickaxe":50,"minecraft:stone_axe":89,"minecraft:cobblestone":130,"minecraft:cooked_cod":3,"minecraft:furnace":6,"minecraft:cooked_porkchop":1,"minecraft:andesite":3,"minecraft:egg":3,"minecraft:stripped_cherry_log":1,"minecraft:cobbled_deepslate":20,"minecraft:pumpkin":3,"minecraft:iron_leggings":1},"minecraft:picked_up":{"minecraft:pink_petals":2,"minecraft:crafting_table":11,"minecraft:feather":4,"minecraft:chicken":8,"minecraft:cherry_planks":14,"minecraft:andesite":5,"minecraft:leather":5,"minecraft:flint":1,"minecraft:stripped_cherry_log":1,"minecraft:raw_copper":8,"minecraft:string":30,"minecraft:lapis_lazuli":30,"minecraft:dirt":7,"minecraft:cooked_mutton":7,"minecraft:bone":2,"minecraft:bow":1,"minecraft:wheat_seeds":6,"minecraft:cobbled_deepslate":55,"minecraft:raw_gold":4,"minecraft:iron_ingot":3,"minecraft:stone_pickaxe":1,"spore:mutated_fiber":3,"minecraft:iron_pickaxe":1,"minecraft:oak_planks":21,"minecraft:egg":3,"minecraft:furnace":7,"minecraft:raw_iron":43,"minecraft:stick":20,"minecraft:cooked_porkchop":1,"minecraft:pumpkin":3,"minecraft:oak_fence":4,"minecraft:torch":21,"minecraft:cherry_log":53,"tombstone:grave_dust":1,"minecraft:diorite":8,"minecraft:white_bed":6,"minecraft:redstone":20,"minecraft:spider_eye":1,"minecraft:rotten_flesh":3,"minecraft:cooked_cod":2,"minecraft:stone_axe":1,"minecraft:granite":2,"minecraft:cherry_sapling":29,"minecraft:rail":1,"minecraft:mutton":4,"minecraft:cod":9,"minecraft:coal":202,"minecraft:white_wool":4,"minecraft:cobblestone":251}},"DataVersion":3465}