{"stats":{"minecraft:crafted":{"minecraft:cherry_planks":56,"minecraft:furnace":1,"minecraft:iron_boots":1,"minecraft:iron_axe":1,"spore:fleshy_bone":1,"minecraft:stone_pickaxe":3,"spore:fleshy_claw":2,"minecraft:stone_hoe":1,"spore:living_core":1,"minecraft:cooked_porkchop":2,"minecraft:crafting_table":3,"minecraft:wooden_pickaxe":3,"minecraft:iron_helmet":2,"minecraft:iron_sword":1,"minecraft:bucket":1,"minecraft:air":0,"minecraft:white_wool":3,"minecraft:iron_chestplate":1,"minecraft:charcoal":17,"minecraft:shield":2,"minecraft:stick":48,"minecraft:iron_ingot":41,"minecraft:iron_pickaxe":1,"minecraft:wooden_axe":1,"minecraft:iron_leggings":1,"minecraft:white_bed":1,"minecraft:torch":148},"minecraft:broken":{"minecraft:iron_boots":1,"minecraft:stone_hoe":1,"minecraft:shield":2,"minecraft:iron_helmet":1,"minecraft:wooden_axe":1},"minecraft:dropped":{"minecraft:mossy_cobblestone":2,"minecraft:cobblestone":3,"minecraft:rail":1,"minecraft:flint":1,"minecraft:torch":8,"tombstone:grave_key":3,"minecraft:cherry_planks":1,"tombstone:grave_dust":3,"minecraft:pink_petals":14,"minecraft:gravel":9,"minecraft:cobbled_deepslate":15,"minecraft:cocoa_beans":2,"minecraft:tuff":3,"minecraft:cherry_sapling":26,"travelersbackpack:white_sleeping_bag":1,"minecraft:andesite":9,"minecraft:beetroot_seeds":1,"minecraft:melon_seeds":6,"minecraft:wooden_pickaxe":2},"minecraft:killed":{"minecraft:cave_spider":4,"spore:braiomil":3,"minecraft:spider":1,"minecraft:skeleton":1,"spore:spitter":1,"minecraft:pig":1,"spore:inf_player":8,"spore:scamper":1,"spore:inf_pillager":5,"spore:inf_villager":1,"spore:mound":1,"minecraft:zombie":4,"spore:inf_human":8,"spore:knight":1},"minecraft:custom":{"minecraft:mob_kills":42,"minecraft:interact_with_crafting_table":54,"minecraft:open_barrel":1,"minecraft:leave_game":6,"minecraft:time_since_death":20559,"minecraft:sprint_one_cm":259609,"minecraft:walk_one_cm":552367,"minecraft:damage_blocked_by_shield":4450,"minecraft:drop":31,"minecraft:play_time":159293,"minecraft:deaths":24,"minecraft:sneak_time":9338,"minecraft:walk_under_water_one_cm":18246,"minecraft:jump":2391,"minecraft:interact_with_blast_furnace":1,"minecraft:walk_on_water_one_cm":33443,"minecraft:total_world_time":159293,"minecraft:interact_with_furnace":59,"minecraft:interact_with_loom":2,"minecraft:sleep_in_bed":6,"minecraft:time_since_rest":20065,"minecraft:damage_taken":6127,"minecraft:damage_absorbed":40,"minecraft:damage_dealt":7545,"minecraft:swim_one_cm":16671,"minecraft:fly_one_cm":267133,"minecraft:open_chest":4,"minecraft:crouch_one_cm":26228,"tombstone:undead_killed":5,"minecraft:fall_one_cm":42881},"minecraft:mined":{"minecraft:tuff":2,"spore:wall_growths_big":5,"minecraft:white_bed":2,"minecraft:deepslate_diamond_ore":3,"minecraft:sculk_vein":7,"minecraft:cherry_log":44,"minecraft:grass_block":3,"spore:fungal_stem":3,"travelersbackpack:white_sleeping_bag":2,"spore:growths_small":10,"minecraft:spawner":1,"minecraft:furnace":6,"spore:blomfung":1,"minecraft:iron_ore":28,"minecraft:cobbled_deepslate":1,"minecraft:andesite":13,"spore:growth_mycelium":2,"minecraft:deepslate_iron_ore":37,"minecraft:stone":25,"spore:growths_big":6,"minecraft:crafting_table":13,"minecraft:torch":1,"minecraft:calcite":1,"minecraft:sculk_sensor":9,"minecraft:tall_grass":1,"minecraft:cobblestone":8,"minecraft:lapis_ore":2,"minecraft:deepslate_gold_ore":8,"minecraft:oak_planks":19,"minecraft:sculk":206,"minecraft:wall_torch":7,"minecraft:pink_petals":7,"spore:bloomfung2":4,"minecraft:grass":1,"minecraft:coal_ore":51,"minecraft:gravel":21,"minecraft:dirt":4,"minecraft:cobweb":26,"minecraft:gold_ore":1,"minecraft:deepslate":140,"spore:remains":4},"minecraft:killed_by":{"spore:inf_human":4,"spore:inf_pillager":3,"spore:spitter":1,"spore:inf_player":7,"spore:inf_villager":2,"spore:braiomil":1,"minecraft:skeleton":1,"minecraft:zombie":1},"minecraft:used":{"minecraft:cherry_sapling":2,"minecraft:shield":97,"minecraft:iron_sword":193,"minecraft:stone_hoe":131,"minecraft:rotten_flesh":3,"minecraft:iron_chestplate":1,"minecraft:torch":156,"minecraft:dirt":7,"minecraft:wooden_axe":77,"minecraft:iron_axe":3,"minecraft:iron_helmet":1,"minecraft:iron_boots":1,"minecraft:furnace":6,"tombstone:gift":3,"minecraft:cobbled_deepslate":62,"minecraft:iron_leggings":1,"minecraft:calcite":1,"minecraft:stone_pickaxe":182,"minecraft:wooden_pickaxe":14,"minecraft:cherry_planks":2,"minecraft:golden_apple":1,"minecraft:crafting_table":16,"minecraft:white_bed":3,"tombstone:bag_of_seeds":1,"minecraft:iron_pickaxe":152,"travelersbackpack:white_sleeping_bag":2,"minecraft:gravel":8,"minecraft:pink_petals":5,"minecraft:cobblestone":20,"minecraft:cooked_porkchop":2,"minecraft:andesite":4},"minecraft:picked_up":{"minecraft:charcoal":4,"spore:mutated_heart":3,"minecraft:crafting_table":12,"tombstone:grave_key":2,"minecraft:string":30,"minecraft:cobbled_deepslate":148,"minecraft:calcite":1,"minecraft:furnace":6,"minecraft:stick":13,"spore:tumor":1,"minecraft:raw_iron":72,"minecraft:torch":17,"minecraft:cherry_log":58,"tombstone:grave_dust":1,"minecraft:arrow":1,"minecraft:rotten_flesh":3,"tombstone:essence_of_undeath":1,"spore:alveolic_sack":3,"minecraft:rail":1,"minecraft:cobblestone":36,"minecraft:pink_petals":15,"minecraft:cherry_planks":2,"minecraft:andesite":13,"minecraft:flint":2,"minecraft:tuff":3,"minecraft:lapis_lazuli":14,"minecraft:dirt":7,"minecraft:bone":5,"minecraft:raw_gold":8,"minecraft:stone_pickaxe":1,"minecraft:iron_ingot":1,"spore:mutated_fiber":50,"minecraft:oak_planks":20,"spore:cerebrum":3,"spore:armor_fragment":9,"minecraft:gravel":16,"minecraft:white_bed":2,"minecraft:mossy_cobblestone":2,"travelersbackpack:white_sleeping_bag":3,"spore:claw_fragment":9,"minecraft:bundle":1,"minecraft:diamond":6,"minecraft:cherry_sapling":29,"spore:spine_fragment":4,"minecraft:coal":105}},"DataVersion":3465}