{"stats":{"minecraft:picked_up":{"minecraft:mud":3,"minecraft:crafting_table":5,"spore:mutated_heart":1,"biomesoplenty:violet":1,"tombstone:grave_key":1,"minecraft:string":6,"biomesoplenty:dead_sapling":5,"biomesoplenty:fir_planks":2,"minecraft:beef":22,"minecraft:furnace":3,"minecraft:stick":23,"minecraft:raw_iron":67,"minecraft:oak_fence":1,"minecraft:porkchop":6,"minecraft:stone_button":2,"minecraft:warped_button":2,"minecraft:mutton":2,"minecraft:snowball":10,"minecraft:white_wool":3,"minecraft:cobblestone":73,"minecraft:andesite":2,"minecraft:leather":8,"biomesoplenty:glowshroom":1,"biomesoplenty:fir_log":77,"biomesoplenty:fir_sapling":12,"biomesoplenty:dead_log":18,"minecraft:oak_log":40,"minecraft:cobblestone_stairs":1,"minecraft:dirt":25,"minecraft:bone":2,"minecraft:apple":2,"minecraft:wheat_seeds":2,"spore:mutated_fiber":22,"minecraft:powered_rail":2,"biomesoplenty:toadstool":1,"spore:cerebrum":3,"spore:armor_fragment":13,"minecraft:gravel":4,"biomesoplenty:dead_planks":9,"minecraft:spruce_sapling":2,"minecraft:white_bed":6,"minecraft:spruce_log":20,"minecraft:cyan_bed":2,"minecraft:spider_eye":1,"spore:claw_fragment":8,"biomesoplenty:maple_sapling":11,"minecraft:bread":7,"spore:spine_fragment":4,"minecraft:oak_sapling":3,"minecraft:coal":47},"minecraft:killed":{"minecraft:spider":1,"minecraft:pig":2,"spore:inf_wanderer":1,"spore:inf_pillager":8,"spore:inf_villager":2,"minecraft:sheep":2,"spore:inf_human":11,"minecraft:zombie":2,"spore:knight":1,"spore:slasher":1,"minecraft:cow":9},"minecraft:crafted":{"minecraft:wooden_sword":1,"minecraft:oak_planks":112,"minecraft:furnace":2,"minecraft:cooked_mutton":2,"minecraft:iron_boots":1,"minecraft:iron_axe":1,"minecraft:stone_pickaxe":1,"spore:fleshy_claw":1,"minecraft:cooked_beef":12,"spore:living_core":1,"biomesoplenty:dead_planks":68,"minecraft:cooked_porkchop":1,"minecraft:crafting_table":2,"minecraft:wooden_pickaxe":1,"minecraft:iron_helmet":1,"minecraft:stone_axe":1,"minecraft:air":0,"biomesoplenty:fir_planks":12,"minecraft:iron_chestplate":1,"minecraft:white_wool":3,"minecraft:shield":1,"minecraft:stick":12,"minecraft:iron_ingot":34,"minecraft:iron_pickaxe":1,"minecraft:iron_leggings":1,"minecraft:white_bed":2,"minecraft:shears":1},"minecraft:mined":{"biomesoplenty:glowshroom":1,"minecraft:white_bed":6,"minecraft:cobblestone_stairs":1,"minecraft:grass_block":6,"minecraft:spruce_leaves":2,"minecraft:furnace":3,"biomesoplenty:toadstool":1,"minecraft:iron_ore":58,"biomesoplenty:violet":1,"minecraft:andesite":2,"minecraft:stone":51,"minecraft:crafting_table":5,"biomesoplenty:fir_planks":2,"minecraft:cobblestone":1,"biomesoplenty:sprout":1,"minecraft:cyan_bed":2,"minecraft:mud":3,"minecraft:spruce_log":20,"biomesoplenty:fir_log":83,"minecraft:grass":4,"biomesoplenty:dead_log":18,"minecraft:oak_log":41,"minecraft:coal_ore":35,"minecraft:gravel":3,"minecraft:dirt":5,"minecraft:cobweb":4,"biomesoplenty:dead_planks":9,"minecraft:oak_leaves":2,"minecraft:fern":3},"minecraft:broken":{"minecraft:stone_pickaxe":1,"minecraft:shield":1,"minecraft:stone_axe":1},"minecraft:custom":{"minecraft:mob_kills":40,"minecraft:interact_with_crafting_table":39,"minecraft:leave_game":5,"minecraft:time_since_death":22370,"minecraft:sprint_one_cm":315346,"minecraft:walk_one_cm":180714,"minecraft:damage_blocked_by_shield":1830,"minecraft:drop":19,"minecraft:play_time":94125,"minecraft:deaths":16,"minecraft:sneak_time":4000,"minecraft:walk_under_water_one_cm":20247,"minecraft:jump":2490,"minecraft:walk_on_water_one_cm":17103,"minecraft:total_world_time":94125,"minecraft:interact_with_furnace":48,"minecraft:interact_with_loom":2,"minecraft:sleep_in_bed":23,"minecraft:time_since_rest":0,"minecraft:damage_taken":5573,"minecraft:damage_dealt":6968,"minecraft:swim_one_cm":47078,"minecraft:fly_one_cm":499976,"minecraft:open_chest":3,"minecraft:crouch_one_cm":9023,"tombstone:undead_killed":2,"minecraft:fall_one_cm":69890},"minecraft:dropped":{"minecraft:iron_ingot":1,"minecraft:wheat_seeds":2,"biomesoplenty:maple_sapling":11,"biomesoplenty:violet":1,"minecraft:dirt":14,"minecraft:stone_button":2,"tombstone:grave_key":2,"minecraft:snowball":10,"tombstone:grave_dust":1,"biomesoplenty:glowshroom":1,"minecraft:spruce_sapling":2,"tombstone:gift":1,"minecraft:spider_eye":1,"minecraft:warped_button":2,"minecraft:powered_rail":1},"minecraft:used":{"minecraft:oak_fence":1,"minecraft:shield":46,"minecraft:iron_chestplate":1,"minecraft:dirt":11,"minecraft:iron_axe":161,"minecraft:iron_boots":1,"minecraft:furnace":4,"minecraft:oak_sapling":1,"tombstone:gift":1,"minecraft:cooked_beef":11,"biomesoplenty:dead_log":1,"minecraft:cooked_mutton":2,"minecraft:cobblestone_stairs":1,"minecraft:stone_pickaxe":132,"minecraft:oak_planks":42,"minecraft:wooden_pickaxe":2,"biomesoplenty:fir_planks":10,"minecraft:crafting_table":6,"biomesoplenty:dead_planks":68,"minecraft:white_bed":8,"minecraft:oak_log":12,"minecraft:mud":3,"minecraft:apple":2,"minecraft:cyan_bed":2,"minecraft:iron_pickaxe":26,"biomesoplenty:toadstool":1,"minecraft:stone_axe":116,"minecraft:wooden_sword":10,"minecraft:cobblestone":9,"minecraft:cooked_porkchop":1,"minecraft:andesite":2},"minecraft:killed_by":{"minecraft:player":2,"spore:inf_human":1,"spore:inf_wanderer":2,"sanitydim:rotting_stalker":2,"spore:inf_player":1,"man:managgresive":2,"spore:inf_villager":1,"minecraft:skeleton":2}},"DataVersion":3465}