{"stats":{"minecraft:picked_up":{"minecraft:mud":3,"minecraft:crafting_table":3,"spore:mutated_heart":1,"minecraft:andesite":2,"minecraft:leather":8,"biomesoplenty:glowshroom":1,"biomesoplenty:dead_log":18,"biomesoplenty:violet":1,"minecraft:oak_log":40,"minecraft:dirt":25,"minecraft:bone":2,"minecraft:apple":2,"biomesoplenty:dead_sapling":1,"minecraft:wheat_seeds":2,"minecraft:beef":22,"spore:mutated_fiber":20,"minecraft:furnace":2,"minecraft:stick":19,"minecraft:raw_iron":67,"spore:cerebrum":2,"spore:armor_fragment":13,"biomesoplenty:dead_planks":9,"minecraft:spruce_sapling":2,"minecraft:white_bed":4,"minecraft:spruce_log":20,"minecraft:spider_eye":1,"spore:claw_fragment":8,"biomesoplenty:maple_sapling":11,"spore:spine_fragment":4,"minecraft:oak_sapling":3,"minecraft:mutton":1,"minecraft:coal":45,"minecraft:snowball":10,"minecraft:white_wool":3,"minecraft:cobblestone":24},"minecraft:killed":{"spore:inf_wanderer":1,"minecraft:spider":1,"spore:inf_pillager":8,"minecraft:sheep":1,"spore:inf_villager":2,"minecraft:zombie":2,"spore:inf_human":11,"spore:knight":1,"spore:slasher":1,"minecraft:cow":9},"minecraft:crafted":{"minecraft:cooked_beef":8,"biomesoplenty:dead_planks":68,"minecraft:oak_planks":28,"minecraft:crafting_table":1,"minecraft:wooden_pickaxe":1,"minecraft:iron_helmet":1,"minecraft:furnace":2,"minecraft:stone_axe":1,"minecraft:cooked_mutton":1,"minecraft:air":0,"minecraft:iron_boots":1,"minecraft:iron_chestplate":1,"minecraft:shield":1,"minecraft:iron_axe":1,"minecraft:stick":12,"minecraft:iron_ingot":33,"minecraft:iron_pickaxe":1,"minecraft:stone_pickaxe":1,"minecraft:iron_leggings":1,"minecraft:white_bed":1,"minecraft:shears":1},"minecraft:mined":{"biomesoplenty:glowshroom":1,"minecraft:white_bed":4,"minecraft:crafting_table":3,"minecraft:grass_block":6,"minecraft:spruce_leaves":2,"minecraft:furnace":2,"minecraft:mud":3,"minecraft:iron_ore":58,"biomesoplenty:violet":1,"minecraft:spruce_log":20,"minecraft:andesite":2,"minecraft:grass":4,"biomesoplenty:dead_log":18,"minecraft:oak_log":41,"minecraft:coal_ore":35,"minecraft:dirt":5,"biomesoplenty:dead_planks":9,"minecraft:stone":23,"minecraft:oak_leaves":2,"minecraft:fern":1},"minecraft:broken":{"minecraft:shield":1,"minecraft:stone_axe":1},"minecraft:dropped":{"minecraft:wheat_seeds":1,"biomesoplenty:violet":1,"minecraft:dirt":14,"tombstone:grave_key":2,"biomesoplenty:glowshroom":1,"minecraft:spruce_sapling":2},"minecraft:custom":{"minecraft:interact_with_furnace":28,"minecraft:mob_kills":37,"minecraft:interact_with_crafting_table":21,"minecraft:leave_game":3,"minecraft:time_since_death":516,"minecraft:sleep_in_bed":19,"minecraft:time_since_rest":1,"minecraft:sprint_one_cm":185617,"minecraft:damage_taken":4550,"minecraft:walk_one_cm":121462,"minecraft:damage_blocked_by_shield":1830,"minecraft:drop":7,"minecraft:damage_dealt":6434,"minecraft:swim_one_cm":42226,"minecraft:fly_one_cm":366641,"minecraft:open_chest":3,"minecraft:play_time":65563,"minecraft:crouch_one_cm":8785,"tombstone:undead_killed":2,"minecraft:deaths":14,"minecraft:sneak_time":3827,"minecraft:walk_under_water_one_cm":19733,"minecraft:jump":1805,"minecraft:walk_on_water_one_cm":16372,"minecraft:total_world_time":65563,"minecraft:fall_one_cm":48438},"minecraft:used":{"minecraft:cooked_mutton":1,"minecraft:stone_pickaxe":107,"minecraft:oak_planks":15,"minecraft:wooden_pickaxe":2,"minecraft:shield":46,"minecraft:iron_chestplate":1,"minecraft:dirt":11,"minecraft:crafting_table":3,"minecraft:white_bed":5,"biomesoplenty:dead_planks":68,"minecraft:mud":3,"minecraft:oak_log":12,"minecraft:iron_axe":68,"minecraft:iron_pickaxe":19,"minecraft:iron_boots":1,"minecraft:stone_axe":116,"minecraft:furnace":2,"minecraft:oak_sapling":1,"minecraft:andesite":2,"tombstone:gift":1,"minecraft:cooked_beef":7,"biomesoplenty:dead_log":1},"minecraft:killed_by":{"man:managgresive":1,"spore:inf_player":1,"minecraft:player":2,"spore:inf_villager":1,"minecraft:skeleton":1,"spore:inf_human":1,"spore:inf_wanderer":2,"sanitydim:rotting_stalker":2}},"DataVersion":3465}