{"stats":{"minecraft:crafted":{"minecraft:cherry_planks":32,"minecraft:cooked_porkchop":2,"minecraft:iron_helmet":1,"minecraft:wooden_pickaxe":1,"minecraft:iron_sword":1,"minecraft:furnace":1,"minecraft:air":0,"minecraft:iron_boots":1,"minecraft:iron_chestplate":1,"minecraft:shield":1,"minecraft:stick":20,"minecraft:iron_ingot":25,"minecraft:iron_pickaxe":1,"minecraft:stone_pickaxe":1,"minecraft:wooden_axe":1,"minecraft:torch":76,"minecraft:stone_hoe":1},"minecraft:broken":{"minecraft:wooden_axe":1,"minecraft:stone_hoe":1},"minecraft:dropped":{"minecraft:cherry_sapling":26,"minecraft:flint":1,"minecraft:wooden_pickaxe":1,"minecraft:pink_petals":14},"minecraft:killed":{"minecraft:cave_spider":4,"minecraft:pig":1,"minecraft:spider":1,"spore:mound":1,"minecraft:zombie":4,"spore:inf_human":2},"minecraft:mined":{"minecraft:tuff":1,"spore:wall_growths_big":5,"minecraft:deepslate_diamond_ore":1,"minecraft:sculk_vein":5,"minecraft:cherry_log":43,"minecraft:crafting_table":7,"spore:growths_big":2,"minecraft:calcite":1,"minecraft:grass_block":3,"spore:fungal_stem":3,"minecraft:sculk_sensor":2,"travelersbackpack:white_sleeping_bag":1,"minecraft:tall_grass":1,"minecraft:cobblestone":5,"minecraft:lapis_ore":2,"minecraft:deepslate_gold_ore":8,"minecraft:oak_planks":1,"minecraft:sculk":162,"spore:growths_small":7,"minecraft:wall_torch":3,"minecraft:spawner":1,"minecraft:pink_petals":5,"minecraft:furnace":3,"spore:bloomfung2":4,"spore:blomfung":1,"minecraft:iron_ore":28,"minecraft:cobbled_deepslate":1,"spore:growth_mycelium":2,"minecraft:grass":1,"minecraft:coal_ore":23,"minecraft:deepslate_iron_ore":36,"minecraft:gravel":1,"minecraft:dirt":1,"minecraft:cobweb":26,"minecraft:stone":25,"minecraft:gold_ore":1,"minecraft:deepslate":24,"spore:remains":1},"minecraft:custom":{"minecraft:interact_with_furnace":34,"minecraft:mob_kills":13,"minecraft:interact_with_crafting_table":24,"minecraft:open_barrel":1,"minecraft:interact_with_loom":2,"minecraft:leave_game":4,"minecraft:time_since_death":2342,"minecraft:sleep_in_bed":1,"minecraft:time_since_rest":1,"minecraft:sprint_one_cm":111192,"minecraft:damage_absorbed":40,"minecraft:damage_taken":939,"minecraft:walk_one_cm":250010,"minecraft:damage_blocked_by_shield":1455,"minecraft:drop":8,"minecraft:damage_dealt":1917,"minecraft:swim_one_cm":6872,"minecraft:fly_one_cm":128091,"minecraft:crouch_one_cm":15410,"minecraft:play_time":63609,"tombstone:undead_killed":4,"minecraft:deaths":3,"minecraft:sneak_time":4986,"minecraft:walk_under_water_one_cm":1679,"minecraft:jump":1032,"minecraft:interact_with_blast_furnace":1,"minecraft:walk_on_water_one_cm":9150,"minecraft:total_world_time":63609,"minecraft:fall_one_cm":19009},"minecraft:killed_by":{"minecraft:skeleton":1,"spore:inf_human":1},"minecraft:used":{"minecraft:calcite":1,"minecraft:cherry_sapling":2,"minecraft:stone_pickaxe":41,"minecraft:shield":39,"minecraft:wooden_pickaxe":4,"minecraft:iron_sword":54,"minecraft:stone_hoe":131,"minecraft:iron_chestplate":1,"minecraft:torch":86,"minecraft:golden_apple":1,"minecraft:dirt":4,"minecraft:crafting_table":6,"tombstone:bag_of_seeds":1,"minecraft:wooden_axe":77,"minecraft:iron_pickaxe":123,"travelersbackpack:white_sleeping_bag":1,"minecraft:iron_helmet":1,"minecraft:iron_boots":1,"minecraft:pink_petals":1,"minecraft:cobblestone":20,"minecraft:furnace":3,"minecraft:cooked_porkchop":2,"tombstone:gift":2},"minecraft:picked_up":{"minecraft:pink_petals":11,"minecraft:crafting_table":7,"minecraft:flint":1,"minecraft:tuff":1,"minecraft:lapis_lazuli":14,"minecraft:dirt":4,"minecraft:string":30,"minecraft:cobbled_deepslate":25,"minecraft:raw_gold":8,"minecraft:iron_ingot":1,"minecraft:calcite":1,"spore:mutated_fiber":5,"minecraft:oak_planks":2,"minecraft:furnace":3,"minecraft:stick":13,"minecraft:raw_iron":70,"minecraft:torch":3,"minecraft:cherry_log":42,"travelersbackpack:white_sleeping_bag":2,"minecraft:rotten_flesh":3,"minecraft:diamond":1,"minecraft:cherry_sapling":28,"tombstone:essence_of_undeath":1,"minecraft:coal":25,"minecraft:rail":1,"minecraft:cobblestone":31}},"DataVersion":3465}