{"stats":{"minecraft:custom":{"minecraft:interact_with_crafting_table":142,"minecraft:open_barrel":2,"minecraft:leave_game":16,"minecraft:time_since_death":10253,"minecraft:sprint_one_cm":1389729,"minecraft:damage_blocked_by_shield":8673,"minecraft:drop":71,"minecraft:play_time":416684,"minecraft:deaths":95,"minecraft:jump":9682,"minecraft:walk_on_water_one_cm":76224,"minecraft:interact_with_furnace":125,"minecraft:interact_with_loom":4,"minecraft:sleep_in_bed":43,"minecraft:waystone_activated":4,"minecraft:damage_dealt":46570,"minecraft:player_kills":2,"minecraft:crouch_one_cm":39807,"tombstone:undead_killed":30,"minecraft:interact_with_smoker":7,"minecraft:mob_kills":195,"minecraft:damage_dealt_resisted":149,"minecraft:climb_one_cm":881,"minecraft:walk_one_cm":995213,"minecraft:sneak_time":13628,"minecraft:walk_under_water_one_cm":77157,"minecraft:interact_with_blast_furnace":13,"minecraft:total_world_time":416684,"tombstone:raider_killed":6,"minecraft:time_since_rest":8552,"minecraft:damage_taken":29645,"minecraft:swim_one_cm":254594,"minecraft:fly_one_cm":2237310,"minecraft:open_chest":94,"minecraft:fall_one_cm":241389},"minecraft:crafted":{"minecraft:oak_planks":116,"minecraft:smooth_stone":3,"travelersbackpack:iron":1,"minecraft:stone":3,"minecraft:cooked_mutton":2,"minecraft:glass":36,"minecraft:iron_boots":1,"spore:fleshy_bone":2,"spore:fleshy_claw":3,"minecraft:chest":7,"minecraft:smoker":1,"minecraft:wooden_shovel":5,"travelersbackpack:iron_tier_upgrade":1,"minecraft:cooked_porkchop":7,"minecraft:crafting_table":3,"minecraft:iron_helmet":2,"minecraft:wooden_pickaxe":1,"travelersbackpack:standard":1,"biomesoplenty:fir_planks":448,"spore:armads":1,"minecraft:iron_chestplate":1,"minecraft:charcoal":10,"minecraft:shield":4,"minecraft:stick":12,"minecraft:iron_ingot":86,"minecraft:iron_pickaxe":1,"spore:plated_muscle":7,"minecraft:gold_ingot":9,"spore:living_helmet":1,"minecraft:shears":1,"biomesoplenty:fir_door":3,"biomesoplenty:fir_stairs":8,"minecraft:wooden_sword":1,"minecraft:stone_shovel":1,"minecraft:furnace":4,"minecraft:blast_furnace":1,"travelersbackpack:blank_upgrade":4,"travelersbackpack:white_sleeping_bag":1,"minecraft:iron_axe":3,"minecraft:stone_pickaxe":1,"minecraft:cooked_beef":42,"spore:living_core":1,"biomesoplenty:dead_planks":68,"travelersbackpack:backpack_tank":4,"minecraft:iron_sword":1,"minecraft:stone_axe":1,"minecraft:air":0,"minecraft:white_wool":3,"minecraft:wooden_axe":1,"minecraft:iron_leggings":1,"minecraft:white_bed":2,"spore:nerves":8,"minecraft:torch":184},"minecraft:mined":{"spore:fungal_roots":12,"biomesoplenty:glowshroom":1,"minecraft:white_bed":18,"spore:wall_growths":84,"minecraft:cobblestone_stairs":1,"minecraft:granite":8,"minecraft:grass_block":238,"spore:fungal_stem":61,"spore:fungal_shell":1,"spore:mycelium_veins":43,"minecraft:iron_ore":85,"minecraft:fire":1,"biomesoplenty:violet":1,"spore:growth_mycelium":65,"spore:biomass_lump":2,"spore:growths_big":73,"minecraft:torch":4,"minecraft:poppy":1,"minecraft:chest":3,"minecraft:cobblestone":4,"minecraft:cyan_bed":2,"minecraft:oak_planks":3,"minecraft:wall_torch":23,"minecraft:mud":3,"biomesoplenty:fir_log":140,"spore:infested_deepslate":1,"minecraft:grass":44,"biomesoplenty:dead_log":18,"minecraft:oak_log":72,"minecraft:sand":38,"minecraft:dirt":96,"spore:hanging_fungal_stem":19,"minecraft:oak_leaves":5,"minecraft:deepslate":20,"spore:remains":21,"spore:wall_growths_big":93,"biomesoplenty:bush":1,"spore:rooted_biomass":2,"minecraft:spruce_leaves":2,"spore:acid":1,"spore:growths_small":73,"minecraft:rooted_dirt":3,"spore:rotten_planks":41,"minecraft:furnace":6,"biomesoplenty:toadstool":1,"spore:rotten_log":1,"spore:blomfung":37,"minecraft:andesite":9,"minecraft:gold_block":1,"biomesoplenty:fir_stairs":2,"spore:hive_spawn":2,"minecraft:stone":147,"travelersbackpack:standard":1,"minecraft:crafting_table":7,"minecraft:emerald_ore":1,"biomesoplenty:fir_planks":12,"minecraft:tall_grass":3,"biomesoplenty:sprout":3,"spore:membrane_block":5,"minecraft:diorite":61,"minecraft:purple_bed":1,"spore:bloomfung2":117,"minecraft:spruce_log":20,"spore:fungal_stem_top":13,"minecraft:coal_ore":93,"biomesoplenty:fir_leaves":4,"minecraft:gravel":5,"minecraft:cobweb":4,"biomesoplenty:dead_planks":17,"minecraft:fern":27},"minecraft:dropped":{"minecraft:cooked_porkchop":1,"minecraft:rooted_dirt":3,"biomesoplenty:fir_sapling":23,"minecraft:dirt":169,"minecraft:stone_button":2,"minecraft:snowball":10,"minecraft:wooden_sword":1,"minecraft:sand":1,"minecraft:bone":1,"minecraft:gravel":4,"biomesoplenty:toadstool":5,"minecraft:goat_horn":1,"tombstone:gift":2,"minecraft:rotten_flesh":9,"minecraft:gunpowder":2,"spore:fungal_shell":1,"minecraft:arrow":2,"spore:armads":2,"minecraft:powered_rail":2,"minecraft:egg":3,"minecraft:iron_ingot":2,"minecraft:wheat_seeds":27,"biomesoplenty:maple_sapling":11,"minecraft:feather":5,"minecraft:granite":1,"biomesoplenty:violet":1,"tombstone:grave_key":2,"minecraft:wooden_axe":1,"tombstone:grave_dust":1,"biomesoplenty:fir_door":1,"biomesoplenty:glowshroom":1,"minecraft:string":1,"minecraft:spruce_sapling":2,"biomesoplenty:dead_sapling":5,"minecraft:andesite":10,"minecraft:oak_sapling":10,"minecraft:spider_eye":3,"minecraft:warped_button":2},"minecraft:broken":{"minecraft:wooden_shovel":4,"minecraft:iron_boots":1,"minecraft:iron_chestplate":1,"minecraft:iron_leggings":1,"minecraft:stone_pickaxe":1,"minecraft:stone_axe":1,"minecraft:shield":4,"minecraft:iron_axe":2,"minecraft:iron_pickaxe":1,"minecraft:iron_helmet":2},"minecraft:picked_up":{"spore:mutated_heart":13,"biomesoplenty:violet":1,"tombstone:grave_key":1,"spore:fungal_shell":1,"minecraft:string":12,"minecraft:raw_copper":6,"spore:corrosive_sack":1,"biomesoplenty:dead_sapling":5,"minecraft:cobbled_deepslate":20,"biomesoplenty:fir_planks":14,"spore:living_helmet":1,"minecraft:furnace":6,"minecraft:stick":140,"minecraft:oak_fence":1,"minecraft:torch":33,"minecraft:porkchop":7,"tombstone:grave_dust":2,"minecraft:diorite":62,"minecraft:warped_button":2,"minecraft:rotten_flesh":18,"minecraft:snowball":10,"minecraft:cobblestone":181,"minecraft:feather":5,"minecraft:andesite":12,"biomesoplenty:glowshroom":1,"biomesoplenty:dead_log":18,"biomesoplenty:fir_sapling":25,"biomesoplenty:fir_log":134,"minecraft:flint":1,"biomesoplenty:fir_stairs":4,"minecraft:dirt":341,"minecraft:bone":16,"minecraft:wheat_seeds":24,"minecraft:powered_rail":2,"minecraft:oak_planks":3,"biomesoplenty:toadstool":7,"spore:cerebrum":23,"spore:armor_fragment":117,"minecraft:sand":38,"minecraft:grass_block":1,"minecraft:cyan_bed":2,"spore:claw_fragment":43,"minecraft:granite":9,"minecraft:emerald":1,"minecraft:bread":7,"minecraft:rooted_dirt":3,"spore:spine_fragment":28,"minecraft:oak_sapling":13,"minecraft:mud":3,"minecraft:crafting_table":7,"minecraft:chicken":1,"minecraft:gold_block":1,"biomesoplenty:fir_door":2,"spore:armads":1,"minecraft:beef":52,"spore:membrane_block":5,"minecraft:chest":3,"minecraft:egg":5,"spore:tumor":14,"minecraft:raw_iron":109,"spore:wing_membrane":2,"minecraft:stone_button":2,"minecraft:arrow":8,"tombstone:essence_of_undeath":1,"spore:alveolic_sack":2,"minecraft:mutton":7,"minecraft:white_wool":10,"spore:altered_spleen":1,"spore:rooted_biomass":1,"minecraft:leather":24,"minecraft:oak_log":70,"minecraft:gunpowder":2,"minecraft:cobblestone_stairs":1,"minecraft:white_banner":1,"spore:infested_deepslate":1,"minecraft:apple":2,"minecraft:iron_ingot":1,"spore:mutated_fiber":383,"minecraft:gravel":5,"biomesoplenty:dead_planks":17,"minecraft:spruce_sapling":2,"minecraft:white_bed":18,"minecraft:spruce_log":20,"minecraft:spider_eye":3,"travelersbackpack:standard":1,"biomesoplenty:maple_sapling":11,"minecraft:purple_bed":1,"minecraft:coal":150,"minecraft:ender_pearl":1},"minecraft:killed":{"spore:braiomil":4,"minecraft:spider":5,"minecraft:skeleton":8,"spore:spitter":4,"minecraft:pig":3,"spore:inf_player":15,"spore:inf_wanderer":1,"minecraft:zombie_villager":2,"spore:volatile":1,"spore:scamper":7,"spore:inf_drowned":1,"minecraft:creeper":3,"minecraft:sheep":4,"spore:inf_villager":6,"minecraft:pillager":6,"spore:mound":13,"spore:inf_human":38,"minecraft:zombie":16,"spore:licker":2,"spore:knight":3,"minecraft:cow":26,"spore:braurei":2,"spore:inf_pillager":11,"spore:inf_witch":4,"spore:busser":1,"spore:slasher":2,"minecraft:enderman":1},"minecraft:killed_by":{"minecraft:creeper":2,"minecraft:pillager":1,"spore:scamper":1,"spore:knight":1,"spore:inf_human":8,"spore:inquisitor":2,"sanitydim:rotting_stalker":3,"spore:inf_pillager":1,"man:managgresive":7,"spore:inf_player":8,"sanitydim:sneaking_terror":2,"spore:inf_villager":2,"spore:gazenbreacher":14,"minecraft:player":3,"spore:busser":9,"spore:inf_wanderer":2,"spore:sieger":1,"minecraft:skeleton":7,"spore:wave":1,"spore:brot":1},"minecraft:used":{"minecraft:chest":8,"minecraft:shield":139,"minecraft:iron_sword":168,"minecraft:iron_chestplate":1,"spore:infested_deepslate":1,"minecraft:grass_block":1,"minecraft:furnace":8,"minecraft:oak_sapling":1,"minecraft:egg":2,"minecraft:diorite":20,"spore:armads":461,"minecraft:stone_pickaxe":132,"minecraft:oak_planks":49,"minecraft:ender_pearl":1,"minecraft:wooden_pickaxe":2,"biomesoplenty:fir_planks":393,"minecraft:sand":1,"minecraft:blast_furnace":1,"biomesoplenty:dead_planks":76,"minecraft:cyan_bed":2,"minecraft:bread":7,"biomesoplenty:fir_stairs":10,"minecraft:wooden_sword":10,"minecraft:andesite":2,"minecraft:oak_fence":1,"minecraft:stone_shovel":15,"minecraft:wooden_shovel":271,"minecraft:torch":162,"minecraft:dirt":44,"minecraft:granite":8,"minecraft:wooden_axe":13,"spore:living_helmet":1,"minecraft:iron_axe":419,"minecraft:iron_boots":1,"tombstone:gift":1,"minecraft:cooked_beef":34,"minecraft:cobbled_deepslate":20,"biomesoplenty:dead_log":1,"minecraft:cooked_mutton":2,"minecraft:cobblestone_stairs":1,"minecraft:crafting_table":10,"minecraft:white_bed":20,"minecraft:smoker":1,"minecraft:oak_log":12,"minecraft:mud":3,"spore:membrane_block":4,"minecraft:apple":2,"minecraft:iron_pickaxe":357,"biomesoplenty:toadstool":2,"minecraft:stone_axe":116,"minecraft:cobblestone":107,"biomesoplenty:fir_door":4,"travelersbackpack:standard":14,"minecraft:purple_bed":1,"minecraft:cooked_porkchop":6,"biomesoplenty:fir_log":7}},"DataVersion":3465}