{"stats":{"minecraft:custom":{"minecraft:mob_kills":168,"minecraft:interact_with_crafting_table":126,"minecraft:open_barrel":2,"minecraft:leave_game":14,"minecraft:time_since_death":8283,"minecraft:sprint_one_cm":1187849,"minecraft:walk_one_cm":782728,"minecraft:damage_blocked_by_shield":5998,"minecraft:drop":62,"minecraft:play_time":333578,"minecraft:sneak_time":11814,"minecraft:deaths":74,"minecraft:walk_under_water_one_cm":49476,"minecraft:jump":7824,"minecraft:walk_on_water_one_cm":56004,"minecraft:total_world_time":333578,"minecraft:interact_with_furnace":106,"tombstone:raider_killed":6,"minecraft:interact_with_loom":4,"minecraft:sleep_in_bed":35,"minecraft:waystone_activated":3,"minecraft:time_since_rest":7810,"minecraft:damage_taken":24067,"minecraft:damage_dealt":36731,"minecraft:crouch_one_cm":36345,"minecraft:player_kills":2,"tombstone:undead_killed":26,"minecraft:swim_one_cm":207106,"minecraft:fly_one_cm":1853011,"minecraft:open_chest":70,"minecraft:fall_one_cm":205589},"minecraft:crafted":{"biomesoplenty:fir_stairs":8,"minecraft:wooden_sword":1,"minecraft:oak_planks":112,"minecraft:stone_shovel":1,"minecraft:furnace":4,"travelersbackpack:blank_upgrade":4,"minecraft:cooked_mutton":2,"minecraft:glass":24,"travelersbackpack:white_sleeping_bag":1,"minecraft:iron_boots":1,"minecraft:iron_axe":3,"spore:fleshy_bone":2,"minecraft:stone_pickaxe":1,"spore:fleshy_claw":3,"minecraft:chest":6,"minecraft:cooked_beef":32,"spore:living_core":1,"biomesoplenty:dead_planks":68,"minecraft:wooden_shovel":5,"minecraft:cooked_porkchop":7,"minecraft:crafting_table":3,"travelersbackpack:backpack_tank":4,"minecraft:iron_helmet":2,"minecraft:wooden_pickaxe":1,"travelersbackpack:standard":1,"minecraft:stone_axe":1,"minecraft:air":0,"biomesoplenty:fir_planks":448,"spore:armads":1,"minecraft:white_wool":3,"minecraft:iron_chestplate":1,"minecraft:charcoal":10,"minecraft:shield":3,"minecraft:stick":12,"minecraft:iron_ingot":59,"minecraft:iron_pickaxe":1,"spore:plated_muscle":7,"minecraft:wooden_axe":1,"minecraft:iron_leggings":1,"minecraft:gold_ingot":9,"minecraft:white_bed":2,"spore:living_helmet":1,"spore:nerves":8,"minecraft:torch":120,"minecraft:shears":1,"biomesoplenty:fir_door":3},"minecraft:mined":{"spore:fungal_roots":3,"biomesoplenty:glowshroom":1,"spore:wall_growths_big":7,"minecraft:white_bed":13,"spore:wall_growths":9,"minecraft:cobblestone_stairs":1,"minecraft:granite":8,"biomesoplenty:bush":1,"minecraft:grass_block":231,"spore:fungal_stem":3,"spore:rooted_biomass":2,"minecraft:spruce_leaves":2,"spore:growths_small":9,"minecraft:rooted_dirt":3,"spore:rotten_planks":41,"spore:mycelium_veins":12,"minecraft:furnace":6,"biomesoplenty:toadstool":1,"minecraft:iron_ore":85,"spore:blomfung":4,"minecraft:fire":1,"biomesoplenty:violet":1,"minecraft:andesite":9,"minecraft:gold_block":1,"biomesoplenty:fir_stairs":2,"minecraft:stone":128,"spore:growths_big":3,"travelersbackpack:standard":1,"minecraft:torch":3,"minecraft:crafting_table":7,"minecraft:emerald_ore":1,"biomesoplenty:fir_planks":12,"minecraft:poppy":1,"minecraft:chest":3,"minecraft:tall_grass":2,"minecraft:cobblestone":4,"biomesoplenty:sprout":3,"spore:membrane_block":3,"minecraft:cyan_bed":2,"minecraft:diorite":58,"minecraft:wall_torch":23,"minecraft:mud":3,"spore:bloomfung2":7,"minecraft:spruce_log":20,"biomesoplenty:fir_log":135,"spore:infested_deepslate":1,"biomesoplenty:dead_log":18,"minecraft:grass":34,"minecraft:coal_ore":93,"minecraft:oak_log":71,"biomesoplenty:fir_leaves":4,"minecraft:gravel":5,"minecraft:sand":25,"minecraft:dirt":93,"minecraft:cobweb":4,"biomesoplenty:dead_planks":9,"spore:remains":14,"minecraft:oak_leaves":3,"minecraft:deepslate":20,"minecraft:fern":25},"minecraft:dropped":{"minecraft:iron_ingot":2,"minecraft:wheat_seeds":10,"minecraft:cooked_porkchop":1,"biomesoplenty:maple_sapling":11,"minecraft:feather":5,"minecraft:rooted_dirt":3,"minecraft:granite":1,"biomesoplenty:fir_sapling":21,"biomesoplenty:violet":1,"minecraft:dirt":168,"minecraft:stone_button":2,"tombstone:grave_key":2,"minecraft:wooden_axe":1,"minecraft:snowball":10,"tombstone:grave_dust":1,"minecraft:wooden_sword":1,"biomesoplenty:fir_door":1,"biomesoplenty:glowshroom":1,"minecraft:string":1,"minecraft:spruce_sapling":2,"minecraft:bone":1,"minecraft:gravel":4,"biomesoplenty:toadstool":5,"minecraft:goat_horn":1,"tombstone:gift":2,"minecraft:rotten_flesh":9,"biomesoplenty:dead_sapling":5,"minecraft:andesite":10,"minecraft:oak_sapling":9,"minecraft:spider_eye":3,"minecraft:warped_button":2,"minecraft:arrow":2,"minecraft:powered_rail":2,"spore:armads":2,"minecraft:egg":3},"minecraft:broken":{"minecraft:wooden_shovel":4,"minecraft:iron_boots":1,"minecraft:iron_chestplate":1,"minecraft:iron_leggings":1,"minecraft:stone_pickaxe":1,"minecraft:shield":3,"minecraft:iron_axe":2,"minecraft:stone_axe":1,"minecraft:iron_pickaxe":1,"minecraft:iron_helmet":2},"minecraft:picked_up":{"minecraft:mud":3,"spore:mutated_heart":12,"minecraft:crafting_table":7,"minecraft:chicken":1,"minecraft:gold_block":1,"biomesoplenty:violet":1,"tombstone:grave_key":1,"minecraft:string":10,"biomesoplenty:fir_door":2,"minecraft:raw_copper":6,"biomesoplenty:dead_sapling":5,"spore:armads":1,"minecraft:cobbled_deepslate":20,"biomesoplenty:fir_planks":13,"minecraft:beef":50,"spore:membrane_block":3,"minecraft:chest":3,"minecraft:furnace":6,"minecraft:egg":5,"minecraft:raw_iron":109,"minecraft:stick":134,"spore:tumor":7,"spore:wing_membrane":2,"minecraft:oak_fence":1,"minecraft:torch":33,"minecraft:porkchop":7,"minecraft:stone_button":2,"tombstone:grave_dust":2,"minecraft:diorite":59,"minecraft:warped_button":2,"minecraft:arrow":8,"minecraft:rotten_flesh":13,"tombstone:essence_of_undeath":1,"spore:alveolic_sack":2,"minecraft:mutton":6,"minecraft:snowball":10,"minecraft:white_wool":9,"minecraft:cobblestone":162,"spore:altered_spleen":1,"minecraft:feather":5,"spore:rooted_biomass":1,"minecraft:andesite":12,"minecraft:leather":23,"biomesoplenty:glowshroom":1,"biomesoplenty:dead_log":18,"biomesoplenty:fir_sapling":23,"biomesoplenty:fir_log":129,"minecraft:flint":1,"minecraft:oak_log":69,"biomesoplenty:fir_stairs":2,"minecraft:cobblestone_stairs":1,"minecraft:dirt":335,"minecraft:white_banner":1,"spore:infested_deepslate":1,"minecraft:bone":16,"minecraft:apple":2,"minecraft:wheat_seeds":14,"minecraft:iron_ingot":1,"spore:mutated_fiber":262,"minecraft:powered_rail":2,"biomesoplenty:toadstool":7,"spore:cerebrum":16,"spore:armor_fragment":73,"minecraft:gravel":5,"biomesoplenty:dead_planks":9,"minecraft:sand":25,"minecraft:spruce_sapling":2,"minecraft:white_bed":13,"minecraft:spruce_log":20,"minecraft:grass_block":1,"minecraft:cyan_bed":2,"minecraft:spider_eye":3,"spore:claw_fragment":29,"travelersbackpack:standard":1,"biomesoplenty:maple_sapling":11,"minecraft:granite":9,"minecraft:bread":7,"minecraft:emerald":1,"minecraft:rooted_dirt":3,"spore:spine_fragment":16,"minecraft:oak_sapling":12,"minecraft:coal":150,"minecraft:ender_pearl":1},"minecraft:killed":{"spore:braiomil":4,"minecraft:spider":5,"minecraft:skeleton":7,"spore:spitter":3,"spore:braurei":2,"minecraft:pig":3,"spore:inf_player":13,"spore:inf_wanderer":1,"minecraft:zombie_villager":2,"spore:scamper":5,"spore:inf_drowned":1,"minecraft:creeper":2,"spore:inf_pillager":10,"minecraft:sheep":4,"spore:inf_villager":6,"minecraft:pillager":6,"spore:mound":3,"minecraft:zombie":16,"spore:inf_human":34,"spore:inf_witch":4,"spore:busser":1,"spore:licker":1,"spore:knight":2,"spore:slasher":2,"minecraft:enderman":1,"minecraft:cow":25},"minecraft:killed_by":{"spore:gazenbreacher":12,"minecraft:player":3,"spore:busser":8,"minecraft:creeper":1,"minecraft:pillager":1,"spore:knight":1,"spore:scamper":1,"spore:inf_human":7,"spore:inquisitor":2,"spore:inf_wanderer":2,"sanitydim:rotting_stalker":3,"spore:inf_player":8,"man:managgresive":5,"sanitydim:sneaking_terror":2,"spore:inf_villager":2,"minecraft:skeleton":3,"spore:wave":1,"spore:brot":1},"minecraft:used":{"minecraft:oak_fence":1,"minecraft:stone_shovel":15,"minecraft:chest":7,"minecraft:shield":112,"minecraft:wooden_shovel":271,"minecraft:iron_chestplate":1,"minecraft:torch":114,"minecraft:dirt":40,"spore:infested_deepslate":1,"minecraft:granite":8,"spore:living_helmet":1,"minecraft:wooden_axe":13,"minecraft:iron_axe":419,"minecraft:iron_boots":1,"minecraft:oak_sapling":1,"minecraft:furnace":8,"tombstone:gift":1,"minecraft:egg":2,"minecraft:cooked_beef":32,"minecraft:cobbled_deepslate":20,"biomesoplenty:dead_log":1,"minecraft:cooked_mutton":2,"minecraft:diorite":20,"minecraft:cobblestone_stairs":1,"spore:armads":316,"minecraft:stone_pickaxe":132,"minecraft:oak_planks":42,"minecraft:wooden_pickaxe":2,"biomesoplenty:fir_planks":391,"minecraft:sand":1,"minecraft:crafting_table":10,"minecraft:white_bed":15,"biomesoplenty:dead_planks":68,"minecraft:mud":3,"minecraft:oak_log":12,"spore:membrane_block":2,"minecraft:apple":2,"minecraft:bread":7,"minecraft:cyan_bed":2,"minecraft:iron_pickaxe":309,"biomesoplenty:fir_stairs":10,"minecraft:stone_axe":116,"biomesoplenty:toadstool":2,"minecraft:wooden_sword":10,"biomesoplenty:fir_door":4,"travelersbackpack:standard":14,"minecraft:cobblestone":106,"minecraft:cooked_porkchop":6,"minecraft:andesite":2,"biomesoplenty:fir_log":7}},"DataVersion":3465}