{"stats":{"minecraft:dropped":{"biomesoplenty:fir_log":44,"minecraft:candle":4,"minecraft:baked_potato":2,"minecraft:rail":1,"biomesoplenty:fir_sapling":1,"minecraft:flint":1,"spore:delusioner_spawnegg":1,"minecraft:dirt":64,"minecraft:cherry_button":1,"minecraft:bone":2,"minecraft:gravel":1,"minecraft:rotten_flesh":6,"spore:infested_dirt":4,"minecraft:melon_seeds":2,"biomesoplenty:dead_door":2,"minecraft:bread":12,"minecraft:wheat_seeds":8,"minecraft:mossy_cobblestone":1,"minecraft:minecart":2,"minecraft:iron_helmet":2,"minecraft:cobblestone":8,"biomesoplenty:fir_slab":1,"minecraft:stick":2,"minecraft:iron_block":2,"tombstone:grave_dust":4,"minecraft:iron_leggings":1,"minecraft:string":1,"alexscaves:tripodfish":1,"minecraft:farmland":1,"minecraft:stone_sword":1,"biomesoplenty:dead_slab":46,"minecraft:iron_boots":1,"minecraft:crimson_button":1,"biomesoplenty:dead_sapling":1,"biomesoplenty:fir_planks":3,"minecraft:stone_bricks":1,"minecraft:stone_pickaxe":2,"minecraft:cyan_bed":2},"minecraft:killed_by":{"minecraft:creeper":1,"man:managgresive":5,"spore:inf_player":1,"spore:braiomil":1,"minecraft:zombie":1,"minecraft:illusioner":1,"spore:busser":3},"minecraft:used":{"spore:cdu":3,"minecraft:iron_shovel":216,"minecraft:diamond_hoe":334,"minecraft:chest":23,"minecraft:shield":8,"minecraft:stone":107,"minecraft:farmland":104,"sanitydim:garland":1,"minecraft:carrot":168,"minecraft:deepslate_brick_slab":535,"minecraft:tuff":2,"minecraft:snowball":6,"minecraft:milk_bucket":8,"minecraft:lava_bucket":165,"minecraft:grass_block":266,"minecraft:iron_helmet":1,"minecraft:stone_bricks":1,"minecraft:bow":108,"minecraft:furnace":7,"biomesoplenty:fir_fence_gate":1,"minecraft:egg":1,"spore:delusioner_spawnegg":1,"biomesoplenty:fir_fence":26,"minecraft:stone_pickaxe":362,"minecraft:oak_planks":10,"minecraft:wooden_pickaxe":59,"minecraft:sandstone":1,"biomesoplenty:fir_planks":2029,"biomesoplenty:fir_boat":1,"minecraft:white_wool":2,"minecraft:sand":223,"biomesoplenty:dead_planks":64,"securitycraft:reinforced_oak_slab":160,"minecraft:birch_fence":26,"waystones:waystone":8,"biomesoplenty:umbran_planks":62,"minecraft:cyan_bed":3,"minecraft:bread":18,"biomesoplenty:fir_stairs":111,"tombstone:grave_key":4,"minecraft:deepslate":18,"minecraft:gravel":8,"biomesoplenty:dead_door":6,"minecraft:diamond_sword":276,"minecraft:andesite":2,"biomesoplenty:fir_sign":16,"minecraft:coarse_dirt":3,"minecraft:cracked_deepslate_bricks":1,"minecraft:spruce_planks":1,"securitycraft:bucket_f_lava":4,"minecraft:wooden_shovel":181,"minecraft:cooked_chicken":4,"minecraft:torch":436,"minecraft:brewing_stand":1,"minecraft:dirt":1062,"biomesoplenty:dead_boat":1,"minecraft:wooden_axe":145,"minecraft:iron_axe":499,"minecraft:oak_stairs":2,"spore:infested_dirt":2,"minecraft:smooth_sandstone":5,"biomesoplenty:dead_stairs":6,"minecraft:smooth_quartz":10,"biomesoplenty:dead_slab":8,"minecraft:melon_seeds":106,"minecraft:minecart":2,"tombstone:gift":6,"minecraft:trapped_chest":1,"minecraft:cooked_beef":15,"minecraft:cobbled_deepslate":27,"minecraft:cooked_mutton":4,"minecraft:wheat_seeds":217,"minecraft:water_bucket":142,"securitycraft:reinforced_oak_planks":575,"minecraft:baked_potato":3,"minecraft:spruce_sign":1,"securitycraft:scanner_door_item":2,"minecraft:deepslate_bricks":212,"minecraft:polished_deepslate_slab":2,"minecraft:mossy_cobblestone":2,"minecraft:rail":3,"biomesoplenty:fir_slab":861,"minecraft:crafting_table":5,"minecraft:white_bed":7,"tombstone:bag_of_seeds":1,"minecraft:wooden_hoe":21,"minecraft:apple":1,"minecraft:iron_pickaxe":878,"minecraft:stone_axe":244,"minecraft:cobblestone":470,"biomesoplenty:fir_door":20,"minecraft:cobbled_deepslate_slab":3,"minecraft:cooked_porkchop":7,"minecraft:bucket":97,"minecraft:wither_rose":7,"securitycraft:reinforced_oak_stairs":61,"biomesoplenty:fir_log":2},"minecraft:crafted":{"minecraft:cooked_mutton":4,"minecraft:iron_boots":1,"biomesoplenty:fir_slab":174,"minecraft:chest":11,"minecraft:raw_iron_block":9,"minecraft:wooden_shovel":3,"minecraft:cooked_porkchop":2,"minecraft:crafting_table":2,"minecraft:wooden_pickaxe":1,"minecraft:iron_helmet":2,"biomesoplenty:dead_boat":1,"biomesoplenty:fir_planks":1592,"minecraft:wooden_hoe":1,"minecraft:shield":2,"minecraft:stick":16,"minecraft:iron_ingot":188,"minecraft:iron_pickaxe":4,"minecraft:iron_block":6,"biomesoplenty:fir_stairs":68,"minecraft:coal":72,"minecraft:furnace":3,"sanitydim:garland":1,"biomesoplenty:dead_stairs":4,"minecraft:iron_axe":2,"minecraft:stone_pickaxe":2,"minecraft:minecart":1,"biomesoplenty:dead_door":3,"minecraft:cooked_beef":9,"biomesoplenty:umbran_planks":212,"biomesoplenty:dead_planks":52,"biomesoplenty:fir_boat":1,"minecraft:bucket":1,"minecraft:air":0,"biomesoplenty:fir_sign":3,"biomesoplenty:dead_slab":42,"biomesoplenty:fir_fence":54,"minecraft:wooden_axe":3,"minecraft:iron_leggings":1,"minecraft:torch":76,"biomesoplenty:fir_fence_gate":1},"minecraft:killed":{"minecraft:cave_spider":1,"minecraft:witch":1,"minecraft:spider":1,"minecraft:skeleton":5,"spore:delusioner":1,"spore:inf_player":2,"minecraft:zombie_villager":1,"spore:volatile":1,"spore:inf_drowned":2,"minecraft:creeper":1,"spore:inf_villager":3,"spore:mound":10,"spore:inf_human":14,"minecraft:zombie":12,"spore:knight":2,"spore:inquisitor":1,"spore:griefer":1,"spore:brute":1,"spore:inf_pillager":4,"spore:inf_witch":2,"spore:busser":3,"spore:slasher":1},"minecraft:picked_up":{"spore:mutated_heart":6,"minecraft:iron_chestplate":2,"securitycraft:reinforced_oak_slab":1,"minecraft:wheat":5,"spore:infested_dirt":6,"minecraft:wither_rose":17,"minecraft:enchanted_book":2,"securitycraft:reinforced_oak_planks":3,"spore:innards":4,"minecraft:string":2,"minecraft:soul_soil":1,"minecraft:iron_leggings":1,"biomesoplenty:fir_sign":2,"biomesoplenty:dead_sapling":6,"minecraft:cobbled_deepslate":38,"minecraft:smooth_stone":8,"biomesoplenty:fir_planks":215,"minecraft:spruce_planks":1,"securitycraft:reinforced_oak_stairs":2,"biomesoplenty:dead_slab":53,"minecraft:furnace":3,"minecraft:iron_boots":1,"minecraft:stick":551,"minecraft:oak_fence":6,"minecraft:torch":102,"biomesoplenty:umbran_planks":12,"minecraft:crimson_button":2,"tombstone:grave_dust":12,"minecraft:diorite":42,"biomesoplenty:dead_door":7,"minecraft:rotten_flesh":8,"minecraft:iron_block":5,"biomesoplenty:fir_slab":15,"minecraft:snowball":2,"minecraft:cobblestone":792,"minecraft:birch_slab":1,"minecraft:water_bucket":2,"minecraft:andesite":54,"biomesoplenty:dead_log":15,"biomesoplenty:fir_sapling":23,"biomesoplenty:fir_log":247,"minecraft:flint":2,"minecraft:tuff":2,"biomesoplenty:fir_stairs":7,"minecraft:lapis_lazuli":66,"minecraft:dirt":910,"minecraft:name_tag":1,"minecraft:bone":14,"minecraft:wheat_seeds":145,"biomesoplenty:fir_boat":1,"minecraft:deepslate_brick_slab":11,"minecraft:oak_planks":7,"spore:vent_door":2,"spore:cerebrum":9,"spore:armor_fragment":103,"minecraft:sand":15,"biomesoplenty:fir_fence":4,"minecraft:grass_block":1,"minecraft:cyan_bed":5,"minecraft:mossy_cobblestone":6,"spore:claw_fragment":67,"minecraft:diamond":20,"waystones:waystone":4,"minecraft:granite":18,"minecraft:spruce_sign":1,"minecraft:bread":6,"spore:spine_fragment":3,"minecraft:crafting_table":4,"minecraft:azure_bluet":27,"minecraft:chicken":1,"spore:lab_block3":2,"spore:sickle_fragment":1,"minecraft:shield":2,"biomesoplenty:fir_door":3,"minecraft:iron_shovel":1,"minecraft:birch_fence":4,"minecraft:candle":4,"minecraft:beef":3,"minecraft:minecart":3,"minecraft:birch_sapling":11,"minecraft:cherry_button":2,"minecraft:egg":3,"spore:tumor":5,"minecraft:raw_iron":189,"minecraft:polished_deepslate_slab":3,"minecraft:stone_button":4,"minecraft:arrow":7,"biomesoplenty:umbran_sapling":31,"minecraft:gold_ingot":2,"spore:alveolic_sack":6,"minecraft:glow_berries":6,"minecraft:white_wool":1,"minecraft:rail":6,"spore:cdu":4,"minecraft:stripped_oak_log":1,"spore:altered_spleen":2,"minecraft:dark_oak_button":1,"minecraft:glow_ink_sac":4,"minecraft:leather":4,"biomesoplenty:dead_stairs":10,"minecraft:oak_log":6,"minecraft:gunpowder":1,"minecraft:stone_bricks":2,"minecraft:iron_ingot":14,"spore:mutated_fiber":153,"spore:spine":2,"tombstone:bag_of_seeds":1,"biomesoplenty:umbran_log":117,"minecraft:raw_iron_block":11,"minecraft:gravel":42,"biomesoplenty:dead_planks":51,"minecraft:white_bed":3,"minecraft:spider_eye":1,"minecraft:chainmail_leggings":1,"minecraft:iron_helmet":2,"tombstone:magic_scroll":1,"minecraft:coal":67,"minecraft:ender_pearl":2,"minecraft:wooden_axe":1},"minecraft:broken":{"minecraft:iron_shovel":1,"minecraft:wooden_shovel":3,"minecraft:iron_boots":1,"sanitydim:garland":1,"minecraft:stone_pickaxe":1,"minecraft:stone_axe":2,"minecraft:wooden_axe":2,"minecraft:wooden_pickaxe":1,"minecraft:iron_axe":2,"minecraft:iron_pickaxe":2,"minecraft:iron_helmet":1},"minecraft:custom":{"minecraft:interact_with_crafting_table":98,"minecraft:open_barrel":14,"minecraft:leave_game":7,"minecraft:time_since_death":127843,"minecraft:sprint_one_cm":846756,"minecraft:damage_blocked_by_shield":585,"minecraft:drop":110,"minecraft:talked_to_villager":3,"minecraft:play_time":727494,"minecraft:deaths":20,"tombstone:tomb_raiding":1,"minecraft:jump":6767,"minecraft:interact_with_brewingstand":4,"minecraft:walk_on_water_one_cm":210915,"minecraft:interact_with_furnace":73,"minecraft:sleep_in_bed":24,"minecraft:waystone_activated":9,"minecraft:open_enderchest":3,"minecraft:damage_dealt":16187,"minecraft:player_kills":5,"minecraft:crouch_one_cm":22042,"tombstone:undead_killed":18,"minecraft:mob_kills":70,"minecraft:damage_dealt_resisted":211,"minecraft:climb_one_cm":12032,"minecraft:walk_one_cm":2020994,"minecraft:sneak_time":21961,"minecraft:walk_under_water_one_cm":301944,"minecraft:total_world_time":727494,"tombstone:raider_killed":1,"minecraft:time_since_rest":127665,"minecraft:damage_taken":7655,"minecraft:trigger_trapped_chest":8,"minecraft:minecart_one_cm":60,"minecraft:swim_one_cm":106502,"minecraft:fly_one_cm":1317036,"minecraft:open_chest":398,"minecraft:fall_one_cm":92380},"minecraft:mined":{"minecraft:spruce_planks":1,"minecraft:white_bed":3,"spore:wall_growths":1,"minecraft:granite":18,"biomesoplenty:umbran_planks":12,"biomesoplenty:fir_slab":12,"minecraft:grass_block":420,"spore:fungal_stem":2,"spore:infested_dirt":8,"spore:mycelium_veins":129,"minecraft:smooth_stone":8,"minecraft:raw_iron_block":1,"minecraft:iron_ore":135,"minecraft:fire":13,"biomesoplenty:dead_door":5,"minecraft:deepslate_lapis_ore":5,"minecraft:azure_bluet":19,"minecraft:polished_deepslate_slab":2,"biomesoplenty:webbing":1,"minecraft:iron_block":4,"minecraft:spruce_slab":1,"spore:vent_door":4,"minecraft:torch":13,"minecraft:cobblestone":70,"minecraft:cyan_bed":4,"minecraft:oak_planks":7,"minecraft:wall_torch":19,"minecraft:powered_rail":1,"minecraft:blue_ice":36,"biomesoplenty:umbran_log":117,"biomesoplenty:fir_log":180,"minecraft:wither_rose":15,"minecraft:grass":162,"biomesoplenty:clover":75,"biomesoplenty:dead_log":14,"minecraft:dirt":78,"minecraft:deepslate":40,"minecraft:tuff":2,"spore:wall_growths_big":2,"minecraft:mossy_cobblestone":6,"minecraft:deepslate_diamond_ore":10,"spore:lab_block3":2,"minecraft:soul_campfire":1,"minecraft:birch_slab":1,"spore:growths_small":2,"spore:rotten_planks":94,"minecraft:deepslate_brick_slab":8,"minecraft:furnace":3,"spore:blomfung":1,"spore:cdu":4,"minecraft:andesite":35,"biomesoplenty:fir_wall_sign":2,"minecraft:deepslate_iron_ore":55,"biomesoplenty:fir_stairs":7,"minecraft:rail":1,"minecraft:packed_ice":2,"minecraft:stone":593,"minecraft:white_wool":1,"minecraft:oak_fence":6,"minecraft:crafting_table":4,"biomesoplenty:fir_planks":212,"biomesoplenty:dead_stairs":6,"minecraft:deepslate_coal_ore":1,"biomesoplenty:huge_clover_petal":36,"minecraft:diorite":42,"biomesoplenty:dead_slab":8,"biomesoplenty:fir_fence":4,"minecraft:coal_ore":60,"minecraft:mycelium":34,"biomesoplenty:fir_leaves":3,"minecraft:gravel":12,"biomesoplenty:dead_planks":51,"minecraft:stone_bricks":2,"minecraft:birch_fence":5,"minecraft:fern":2}},"DataVersion":3465}