{"stats":{"minecraft:picked_up":{"minecraft:wooden_axe":1,"spore:cdu":4,"minecraft:crafting_table":2,"minecraft:iron_chestplate":1,"minecraft:dark_oak_button":1,"minecraft:birch_slab":1,"biomesoplenty:fir_log":40,"biomesoplenty:dead_log":6,"spore:lab_block3":2,"minecraft:string":1,"minecraft:dirt":17,"minecraft:soul_soil":1,"minecraft:iron_shovel":1,"minecraft:bone":5,"minecraft:stone_bricks":2,"biomesoplenty:dead_sapling":3,"minecraft:smooth_stone":8,"minecraft:spruce_planks":1,"tombstone:bag_of_seeds":1,"spore:mutated_fiber":4,"minecraft:stick":6,"minecraft:cherry_button":2,"minecraft:furnace":3,"spore:vent_door":2,"spore:cerebrum":3,"minecraft:raw_iron":23,"spore:armor_fragment":1,"minecraft:gravel":1,"biomesoplenty:dead_planks":3,"minecraft:crimson_button":2,"minecraft:stone_button":4,"tombstone:grave_dust":2,"minecraft:white_bed":1,"minecraft:cyan_bed":5,"minecraft:mossy_cobblestone":5,"spore:claw_fragment":5,"minecraft:rotten_flesh":6,"minecraft:iron_block":4,"spore:spine_fragment":1,"minecraft:coal":23,"minecraft:cobblestone":118},"minecraft:killed":{"spore:inf_player":2,"spore:inf_drowned":2,"spore:inf_villager":1,"spore:inf_pillager":1,"minecraft:skeleton":2,"spore:inf_human":2,"minecraft:zombie":3,"spore:busser":1},"minecraft:crafted":{"biomesoplenty:dead_planks":24,"minecraft:crafting_table":1,"minecraft:wooden_pickaxe":1,"minecraft:furnace":1,"biomesoplenty:fir_planks":40,"minecraft:cooked_mutton":4,"minecraft:air":0,"minecraft:shield":1,"minecraft:stick":12,"minecraft:iron_ingot":3,"minecraft:stone_pickaxe":2,"minecraft:wooden_axe":1},"minecraft:mined":{"minecraft:spruce_planks":1,"minecraft:white_bed":1,"minecraft:mossy_cobblestone":6,"spore:vent_door":4,"minecraft:crafting_table":2,"spore:lab_block3":2,"minecraft:grass_block":10,"minecraft:soul_campfire":1,"minecraft:cobblestone":17,"minecraft:deepslate_coal_ore":1,"minecraft:birch_slab":1,"minecraft:cyan_bed":4,"minecraft:smooth_stone":8,"minecraft:furnace":3,"minecraft:iron_ore":23,"minecraft:blue_ice":36,"spore:cdu":4,"minecraft:andesite":2,"biomesoplenty:fir_log":54,"minecraft:grass":10,"biomesoplenty:dead_log":6,"minecraft:coal_ore":16,"biomesoplenty:fir_leaves":3,"minecraft:gravel":2,"minecraft:dirt":7,"minecraft:packed_ice":2,"biomesoplenty:dead_planks":3,"minecraft:stone":103,"minecraft:stone_bricks":2,"minecraft:iron_block":4,"minecraft:fern":1,"minecraft:spruce_slab":1},"minecraft:broken":{"minecraft:wooden_axe":1,"minecraft:wooden_pickaxe":1},"minecraft:custom":{"minecraft:interact_with_furnace":9,"minecraft:mob_kills":14,"minecraft:interact_with_crafting_table":8,"minecraft:open_barrel":11,"minecraft:leave_game":1,"minecraft:time_since_death":13407,"minecraft:sleep_in_bed":11,"minecraft:climb_one_cm":12032,"minecraft:time_since_rest":8833,"minecraft:sprint_one_cm":187441,"minecraft:open_enderchest":3,"minecraft:damage_taken":2168,"minecraft:walk_one_cm":169580,"minecraft:drop":18,"minecraft:damage_dealt":93,"minecraft:talked_to_villager":2,"minecraft:swim_one_cm":71533,"minecraft:fly_one_cm":154823,"minecraft:player_kills":2,"minecraft:open_chest":24,"minecraft:crouch_one_cm":513,"minecraft:play_time":78006,"tombstone:undead_killed":5,"minecraft:deaths":4,"minecraft:sneak_time":1402,"minecraft:walk_under_water_one_cm":51306,"minecraft:jump":1327,"minecraft:walk_on_water_one_cm":43238,"minecraft:total_world_time":78006,"minecraft:fall_one_cm":31593},"minecraft:dropped":{"minecraft:gravel":1,"minecraft:bread":5,"minecraft:baked_potato":2,"minecraft:mossy_cobblestone":1,"minecraft:rotten_flesh":6,"minecraft:stick":2,"minecraft:crimson_button":1,"minecraft:dirt":1,"minecraft:melon_seeds":2,"minecraft:cherry_button":1,"minecraft:stone_bricks":1,"minecraft:stone_pickaxe":1,"alexscaves:tripodfish":1,"minecraft:cyan_bed":2,"minecraft:bone":2},"minecraft:used":{"minecraft:cooked_mutton":2,"spore:cdu":3,"minecraft:iron_shovel":2,"minecraft:stone_pickaxe":188,"minecraft:baked_potato":3,"minecraft:spruce_planks":1,"minecraft:wooden_pickaxe":59,"minecraft:cooked_chicken":4,"minecraft:mossy_cobblestone":2,"minecraft:dirt":15,"minecraft:crafting_table":3,"biomesoplenty:dead_planks":5,"tombstone:bag_of_seeds":1,"minecraft:wooden_axe":62,"minecraft:cyan_bed":2,"minecraft:bread":11,"minecraft:stone_bricks":1,"minecraft:cobblestone":104,"minecraft:bow":58,"minecraft:furnace":3,"tombstone:gift":2},"minecraft:killed_by":{"man:managgresive":2,"spore:busser":1,"spore:braiomil":1}},"DataVersion":3465}