{"stats":{"minecraft:dropped":{"minecraft:bread":12,"minecraft:candle":4,"minecraft:wheat_seeds":2,"minecraft:baked_potato":2,"minecraft:mossy_cobblestone":1,"minecraft:iron_helmet":2,"minecraft:cobblestone":8,"biomesoplenty:fir_sapling":1,"minecraft:flint":1,"minecraft:stick":2,"minecraft:iron_block":2,"minecraft:dirt":1,"minecraft:cherry_button":1,"minecraft:iron_leggings":1,"minecraft:string":1,"alexscaves:tripodfish":1,"minecraft:bone":2,"minecraft:gravel":1,"minecraft:rotten_flesh":6,"minecraft:iron_boots":1,"minecraft:crimson_button":1,"biomesoplenty:dead_sapling":1,"spore:infested_dirt":4,"minecraft:melon_seeds":2,"minecraft:stone_bricks":1,"minecraft:stone_pickaxe":1,"minecraft:cyan_bed":2},"minecraft:killed_by":{"spore:busser":3,"minecraft:creeper":1,"man:managgresive":4,"spore:braiomil":1,"minecraft:zombie":1,"minecraft:illusioner":1},"minecraft:used":{"spore:cdu":3,"minecraft:iron_shovel":216,"minecraft:chest":2,"minecraft:spruce_planks":1,"minecraft:shield":8,"minecraft:cooked_chicken":4,"minecraft:torch":221,"minecraft:dirt":84,"biomesoplenty:dead_boat":1,"minecraft:tuff":2,"minecraft:snowball":6,"minecraft:milk_bucket":8,"minecraft:wooden_axe":62,"minecraft:lava_bucket":5,"minecraft:iron_axe":499,"spore:infested_dirt":2,"biomesoplenty:dead_stairs":3,"minecraft:stone_bricks":1,"minecraft:bow":108,"minecraft:furnace":4,"minecraft:minecart":2,"tombstone:gift":5,"spore:delusioner_spawnegg":1,"minecraft:cooked_beef":15,"minecraft:cobbled_deepslate":27,"minecraft:cooked_mutton":4,"minecraft:water_bucket":21,"minecraft:stone_pickaxe":196,"minecraft:baked_potato":3,"minecraft:wooden_pickaxe":59,"biomesoplenty:fir_planks":766,"minecraft:polished_deepslate_slab":2,"minecraft:mossy_cobblestone":2,"minecraft:rail":3,"minecraft:crafting_table":3,"biomesoplenty:dead_planks":53,"minecraft:white_bed":3,"waystones:waystone":3,"tombstone:bag_of_seeds":1,"biomesoplenty:umbran_planks":62,"minecraft:bread":18,"minecraft:cyan_bed":2,"minecraft:iron_pickaxe":735,"biomesoplenty:fir_stairs":13,"tombstone:grave_key":4,"minecraft:gravel":8,"minecraft:stone_axe":123,"minecraft:diamond_sword":44,"minecraft:cobblestone":219,"minecraft:cooked_porkchop":3,"minecraft:bucket":26,"minecraft:wither_rose":7,"biomesoplenty:fir_log":2},"minecraft:crafted":{"biomesoplenty:fir_stairs":32,"minecraft:coal":72,"minecraft:furnace":1,"minecraft:cooked_mutton":4,"biomesoplenty:dead_stairs":4,"minecraft:iron_boots":1,"minecraft:iron_axe":2,"minecraft:stone_pickaxe":2,"minecraft:chest":2,"minecraft:minecart":1,"minecraft:raw_iron_block":9,"minecraft:cooked_beef":9,"biomesoplenty:umbran_planks":212,"biomesoplenty:dead_planks":52,"minecraft:cooked_porkchop":2,"minecraft:crafting_table":1,"minecraft:wooden_pickaxe":1,"minecraft:iron_helmet":1,"biomesoplenty:dead_boat":1,"minecraft:air":0,"biomesoplenty:fir_planks":824,"minecraft:shield":1,"minecraft:stick":16,"minecraft:iron_ingot":92,"minecraft:iron_pickaxe":3,"minecraft:wooden_axe":1,"minecraft:iron_block":6,"minecraft:iron_leggings":1,"minecraft:torch":76},"minecraft:killed":{"minecraft:cave_spider":1,"minecraft:witch":1,"minecraft:spider":1,"minecraft:skeleton":5,"spore:delusioner":1,"spore:inf_player":2,"minecraft:zombie_villager":1,"spore:inf_drowned":2,"minecraft:creeper":1,"spore:inf_pillager":1,"spore:inf_villager":1,"spore:mound":6,"minecraft:zombie":9,"spore:inf_human":2,"spore:busser":2},"minecraft:picked_up":{"minecraft:wooden_axe":1,"minecraft:crafting_table":3,"minecraft:iron_chestplate":2,"minecraft:azure_bluet":11,"minecraft:chicken":1,"spore:infested_dirt":6,"spore:lab_block3":2,"minecraft:wither_rose":17,"minecraft:enchanted_book":2,"minecraft:shield":1,"minecraft:string":2,"biomesoplenty:fir_door":1,"minecraft:soul_soil":1,"minecraft:iron_leggings":1,"minecraft:iron_shovel":1,"biomesoplenty:dead_sapling":6,"minecraft:cobbled_deepslate":38,"minecraft:candle":4,"minecraft:smooth_stone":8,"biomesoplenty:fir_planks":124,"minecraft:spruce_planks":1,"minecraft:minecart":2,"minecraft:cherry_button":2,"minecraft:furnace":3,"minecraft:iron_boots":1,"minecraft:egg":2,"minecraft:polished_deepslate_slab":3,"minecraft:stick":542,"minecraft:raw_iron":171,"minecraft:torch":37,"biomesoplenty:umbran_planks":12,"minecraft:crimson_button":2,"minecraft:stone_button":4,"tombstone:grave_dust":5,"minecraft:diorite":28,"minecraft:arrow":5,"minecraft:rotten_flesh":8,"biomesoplenty:umbran_sapling":31,"minecraft:iron_block":5,"minecraft:gold_ingot":2,"minecraft:glow_berries":6,"minecraft:snowball":2,"minecraft:rail":5,"minecraft:cobblestone":537,"spore:cdu":4,"minecraft:stripped_oak_log":1,"minecraft:dark_oak_button":1,"minecraft:birch_slab":1,"minecraft:glow_ink_sac":4,"minecraft:water_bucket":1,"minecraft:andesite":54,"minecraft:leather":2,"biomesoplenty:dead_stairs":7,"biomesoplenty:dead_log":15,"biomesoplenty:fir_sapling":23,"biomesoplenty:fir_log":160,"minecraft:flint":2,"minecraft:tuff":2,"minecraft:oak_log":6,"minecraft:gunpowder":1,"biomesoplenty:fir_stairs":3,"minecraft:lapis_lazuli":66,"minecraft:dirt":276,"minecraft:name_tag":1,"minecraft:bone":13,"minecraft:stone_bricks":2,"minecraft:wheat_seeds":29,"minecraft:iron_ingot":14,"spore:mutated_fiber":16,"tombstone:bag_of_seeds":1,"biomesoplenty:umbran_log":117,"spore:vent_door":2,"spore:cerebrum":3,"spore:armor_fragment":1,"minecraft:raw_iron_block":11,"minecraft:gravel":12,"biomesoplenty:dead_planks":51,"minecraft:white_bed":3,"minecraft:cyan_bed":5,"minecraft:spider_eye":1,"minecraft:mossy_cobblestone":6,"spore:claw_fragment":5,"minecraft:diamond":20,"waystones:waystone":1,"minecraft:iron_helmet":2,"minecraft:granite":18,"minecraft:bread":6,"spore:spine_fragment":1,"tombstone:magic_scroll":1,"minecraft:coal":25,"minecraft:ender_pearl":2},"minecraft:broken":{"minecraft:iron_shovel":1,"minecraft:wooden_pickaxe":1,"minecraft:iron_axe":2,"minecraft:stone_axe":1,"minecraft:iron_helmet":1,"minecraft:iron_pickaxe":2,"minecraft:wooden_axe":1},"minecraft:custom":{"minecraft:mob_kills":36,"minecraft:interact_with_crafting_table":46,"minecraft:open_barrel":14,"minecraft:leave_game":3,"minecraft:time_since_death":163,"minecraft:climb_one_cm":12032,"minecraft:sprint_one_cm":585097,"minecraft:walk_one_cm":827132,"minecraft:damage_blocked_by_shield":585,"minecraft:drop":47,"minecraft:talked_to_villager":3,"minecraft:play_time":275991,"minecraft:deaths":16,"minecraft:sneak_time":5588,"minecraft:walk_under_water_one_cm":84731,"tombstone:tomb_raiding":1,"minecraft:jump":4571,"minecraft:walk_on_water_one_cm":91055,"minecraft:total_world_time":275991,"minecraft:interact_with_furnace":56,"tombstone:raider_killed":1,"minecraft:sleep_in_bed":22,"minecraft:time_since_rest":1,"minecraft:waystone_activated":4,"minecraft:open_enderchest":3,"minecraft:damage_taken":6594,"minecraft:minecart_one_cm":60,"minecraft:damage_dealt":4922,"minecraft:player_kills":5,"minecraft:swim_one_cm":88946,"minecraft:fly_one_cm":512162,"minecraft:open_chest":155,"minecraft:crouch_one_cm":4721,"tombstone:undead_killed":15,"minecraft:fall_one_cm":78213},"minecraft:mined":{"minecraft:tuff":2,"minecraft:spruce_planks":1,"spore:wall_growths_big":1,"minecraft:white_bed":3,"spore:wall_growths":1,"minecraft:mossy_cobblestone":6,"minecraft:deepslate_diamond_ore":10,"spore:lab_block3":2,"minecraft:granite":18,"biomesoplenty:umbran_planks":12,"minecraft:grass_block":174,"minecraft:soul_campfire":1,"minecraft:birch_slab":1,"spore:growths_small":1,"spore:rotten_planks":94,"spore:infested_dirt":8,"spore:mycelium_veins":129,"minecraft:smooth_stone":8,"minecraft:raw_iron_block":1,"minecraft:furnace":3,"minecraft:iron_ore":117,"spore:blomfung":1,"spore:cdu":4,"minecraft:andesite":35,"minecraft:deepslate_lapis_ore":5,"minecraft:azure_bluet":8,"minecraft:polished_deepslate_slab":2,"biomesoplenty:fir_stairs":3,"minecraft:deepslate_iron_ore":55,"minecraft:rail":1,"biomesoplenty:webbing":1,"minecraft:packed_ice":2,"minecraft:stone":436,"minecraft:iron_block":4,"minecraft:spruce_slab":1,"spore:vent_door":4,"minecraft:crafting_table":3,"minecraft:torch":6,"biomesoplenty:fir_planks":124,"biomesoplenty:dead_stairs":3,"minecraft:cobblestone":53,"minecraft:deepslate_coal_ore":1,"minecraft:cyan_bed":4,"minecraft:diorite":26,"minecraft:wall_torch":12,"minecraft:powered_rail":1,"minecraft:blue_ice":36,"biomesoplenty:umbran_log":117,"biomesoplenty:fir_log":180,"minecraft:wither_rose":15,"biomesoplenty:clover":29,"minecraft:grass":125,"biomesoplenty:dead_log":14,"minecraft:coal_ore":18,"minecraft:mycelium":33,"biomesoplenty:fir_leaves":3,"minecraft:gravel":12,"minecraft:dirt":29,"biomesoplenty:dead_planks":51,"minecraft:stone_bricks":2,"minecraft:deepslate":40,"minecraft:fern":2}},"DataVersion":3465}