{"stats":{"minecraft:picked_up":{"minecraft:wooden_axe":1,"minecraft:iron_chestplate":1,"minecraft:crafting_table":2,"minecraft:azure_bluet":4,"spore:infested_dirt":6,"spore:lab_block3":2,"minecraft:wither_rose":12,"minecraft:string":2,"minecraft:soul_soil":1,"minecraft:iron_shovel":1,"biomesoplenty:dead_sapling":5,"minecraft:cobbled_deepslate":38,"minecraft:candle":4,"minecraft:smooth_stone":8,"biomesoplenty:fir_planks":64,"minecraft:spruce_planks":1,"minecraft:cherry_button":2,"minecraft:egg":1,"minecraft:furnace":3,"minecraft:stick":279,"minecraft:raw_iron":171,"minecraft:torch":25,"biomesoplenty:umbran_planks":12,"minecraft:crimson_button":2,"minecraft:stone_button":4,"tombstone:grave_dust":5,"minecraft:diorite":28,"minecraft:arrow":5,"minecraft:rotten_flesh":6,"biomesoplenty:umbran_sapling":31,"minecraft:iron_block":5,"minecraft:rail":2,"minecraft:cobblestone":484,"minecraft:stripped_oak_log":1,"spore:cdu":4,"minecraft:dark_oak_button":1,"minecraft:glow_ink_sac":2,"minecraft:birch_slab":1,"minecraft:andesite":25,"biomesoplenty:dead_log":14,"biomesoplenty:fir_sapling":18,"biomesoplenty:fir_log":160,"minecraft:flint":2,"minecraft:tuff":2,"biomesoplenty:fir_stairs":2,"minecraft:gunpowder":1,"minecraft:lapis_lazuli":33,"minecraft:dirt":181,"minecraft:bone":9,"minecraft:stone_bricks":2,"minecraft:wheat_seeds":13,"minecraft:iron_ingot":7,"tombstone:bag_of_seeds":1,"spore:mutated_fiber":4,"biomesoplenty:umbran_log":117,"spore:vent_door":2,"spore:cerebrum":3,"spore:armor_fragment":1,"minecraft:raw_iron_block":1,"minecraft:gravel":11,"biomesoplenty:dead_planks":7,"minecraft:white_bed":3,"minecraft:cyan_bed":5,"minecraft:spider_eye":1,"minecraft:mossy_cobblestone":6,"spore:claw_fragment":5,"minecraft:diamond":10,"minecraft:iron_helmet":1,"minecraft:granite":18,"spore:spine_fragment":1,"minecraft:coal":24},"minecraft:killed":{"minecraft:cave_spider":1,"minecraft:witch":1,"minecraft:skeleton":5,"spore:inf_player":2,"minecraft:zombie_villager":1,"spore:inf_drowned":2,"minecraft:creeper":1,"spore:inf_pillager":1,"spore:inf_villager":1,"spore:mound":1,"spore:inf_human":2,"minecraft:zombie":4,"spore:busser":1},"minecraft:crafted":{"biomesoplenty:fir_stairs":8,"minecraft:coal":72,"minecraft:furnace":1,"minecraft:cooked_mutton":4,"minecraft:iron_boots":1,"minecraft:iron_axe":2,"minecraft:stone_pickaxe":2,"minecraft:raw_iron_block":9,"minecraft:cooked_beef":9,"biomesoplenty:umbran_planks":212,"biomesoplenty:dead_planks":52,"minecraft:cooked_porkchop":2,"minecraft:crafting_table":1,"minecraft:wooden_pickaxe":1,"minecraft:iron_helmet":1,"minecraft:air":0,"biomesoplenty:fir_planks":612,"minecraft:shield":1,"minecraft:stick":16,"minecraft:iron_ingot":83,"minecraft:iron_pickaxe":3,"minecraft:wooden_axe":1,"minecraft:iron_block":6,"minecraft:iron_leggings":1,"minecraft:torch":76},"minecraft:mined":{"minecraft:tuff":2,"minecraft:spruce_planks":1,"minecraft:white_bed":3,"spore:wall_growths":1,"minecraft:mossy_cobblestone":6,"minecraft:deepslate_diamond_ore":10,"minecraft:granite":18,"spore:lab_block3":2,"biomesoplenty:umbran_planks":12,"minecraft:grass_block":124,"minecraft:soul_campfire":1,"minecraft:birch_slab":1,"spore:growths_small":1,"spore:infested_dirt":5,"spore:rotten_planks":88,"spore:mycelium_veins":11,"minecraft:smooth_stone":8,"minecraft:raw_iron_block":1,"minecraft:furnace":3,"spore:blomfung":1,"minecraft:iron_ore":117,"spore:cdu":4,"minecraft:andesite":35,"minecraft:deepslate_lapis_ore":5,"minecraft:azure_bluet":6,"biomesoplenty:fir_stairs":2,"minecraft:deepslate_iron_ore":55,"biomesoplenty:webbing":1,"minecraft:packed_ice":2,"minecraft:stone":436,"minecraft:iron_block":4,"minecraft:spruce_slab":1,"spore:vent_door":4,"minecraft:crafting_table":2,"minecraft:torch":4,"biomesoplenty:fir_planks":64,"minecraft:cobblestone":53,"minecraft:deepslate_coal_ore":1,"minecraft:cyan_bed":4,"minecraft:diorite":26,"minecraft:wall_torch":12,"minecraft:powered_rail":1,"minecraft:blue_ice":36,"minecraft:wither_rose":15,"biomesoplenty:umbran_log":117,"biomesoplenty:fir_log":180,"minecraft:grass":95,"biomesoplenty:dead_log":14,"minecraft:coal_ore":18,"minecraft:mycelium":19,"biomesoplenty:fir_leaves":3,"minecraft:gravel":12,"minecraft:dirt":20,"biomesoplenty:dead_planks":7,"minecraft:stone_bricks":2,"minecraft:deepslate":40,"minecraft:fern":2},"minecraft:broken":{"minecraft:wooden_pickaxe":1,"minecraft:iron_axe":1,"minecraft:iron_pickaxe":2,"minecraft:wooden_axe":1},"minecraft:custom":{"minecraft:mob_kills":23,"minecraft:interact_with_crafting_table":37,"minecraft:open_barrel":14,"minecraft:leave_game":1,"minecraft:time_since_death":7733,"minecraft:climb_one_cm":12032,"minecraft:sprint_one_cm":454348,"minecraft:walk_one_cm":608756,"minecraft:damage_blocked_by_shield":585,"minecraft:drop":46,"minecraft:talked_to_villager":2,"minecraft:play_time":197426,"minecraft:deaths":9,"minecraft:sneak_time":3548,"minecraft:walk_under_water_one_cm":80222,"minecraft:jump":3323,"minecraft:walk_on_water_one_cm":87135,"minecraft:total_world_time":197426,"minecraft:interact_with_furnace":53,"tombstone:raider_killed":1,"minecraft:sleep_in_bed":21,"minecraft:time_since_rest":7501,"minecraft:waystone_activated":1,"minecraft:open_enderchest":3,"minecraft:damage_taken":5173,"minecraft:damage_dealt":1964,"minecraft:swim_one_cm":81548,"minecraft:fly_one_cm":332663,"minecraft:player_kills":2,"minecraft:open_chest":99,"minecraft:crouch_one_cm":3568,"tombstone:undead_killed":10,"minecraft:fall_one_cm":65943},"minecraft:dropped":{"minecraft:bread":12,"minecraft:candle":4,"minecraft:wheat_seeds":1,"minecraft:baked_potato":2,"minecraft:mossy_cobblestone":1,"minecraft:iron_helmet":2,"minecraft:cobblestone":8,"biomesoplenty:fir_sapling":1,"minecraft:flint":1,"minecraft:stick":2,"minecraft:iron_block":2,"minecraft:dirt":1,"minecraft:cherry_button":1,"minecraft:iron_leggings":1,"minecraft:string":1,"alexscaves:tripodfish":1,"minecraft:bone":2,"minecraft:gravel":1,"minecraft:rotten_flesh":6,"minecraft:iron_boots":1,"minecraft:crimson_button":1,"biomesoplenty:dead_sapling":1,"spore:infested_dirt":4,"minecraft:melon_seeds":2,"minecraft:stone_bricks":1,"minecraft:stone_pickaxe":1,"minecraft:cyan_bed":2},"minecraft:used":{"spore:cdu":3,"minecraft:iron_shovel":129,"minecraft:spruce_planks":1,"minecraft:shield":8,"minecraft:cooked_chicken":4,"minecraft:torch":200,"minecraft:dirt":44,"minecraft:tuff":2,"minecraft:snowball":6,"minecraft:milk_bucket":1,"minecraft:wooden_axe":62,"minecraft:iron_axe":485,"spore:infested_dirt":2,"minecraft:stone_bricks":1,"minecraft:bow":65,"minecraft:furnace":4,"tombstone:gift":5,"minecraft:cooked_beef":15,"minecraft:cobbled_deepslate":27,"minecraft:cooked_mutton":4,"minecraft:water_bucket":21,"minecraft:stone_pickaxe":196,"minecraft:baked_potato":3,"minecraft:wooden_pickaxe":59,"biomesoplenty:fir_planks":528,"minecraft:mossy_cobblestone":2,"minecraft:crafting_table":3,"biomesoplenty:dead_planks":9,"minecraft:white_bed":3,"tombstone:bag_of_seeds":1,"biomesoplenty:umbran_planks":62,"minecraft:cyan_bed":2,"minecraft:bread":12,"minecraft:iron_pickaxe":718,"biomesoplenty:fir_stairs":6,"tombstone:grave_key":1,"minecraft:gravel":8,"minecraft:cobblestone":219,"minecraft:bucket":22,"minecraft:wither_rose":7,"biomesoplenty:fir_log":2},"minecraft:killed_by":{"spore:busser":1,"minecraft:creeper":1,"man:managgresive":4,"spore:braiomil":1,"minecraft:illusioner":1}},"DataVersion":3465}