{"stats":{"minecraft:picked_up":{"minecraft:wooden_axe":1,"spore:cdu":4,"minecraft:crafting_table":2,"minecraft:iron_chestplate":1,"minecraft:dark_oak_button":1,"minecraft:birch_slab":1,"biomesoplenty:dead_log":6,"spore:lab_block3":2,"minecraft:dirt":5,"minecraft:soul_soil":1,"minecraft:stone_bricks":2,"biomesoplenty:dead_sapling":3,"minecraft:smooth_stone":8,"minecraft:spruce_planks":1,"tombstone:bag_of_seeds":1,"spore:mutated_fiber":4,"minecraft:cherry_button":2,"minecraft:furnace":2,"spore:vent_door":2,"minecraft:raw_iron":20,"biomesoplenty:dead_planks":3,"minecraft:crimson_button":2,"minecraft:stone_button":4,"minecraft:mossy_cobblestone":2,"minecraft:rotten_flesh":4,"minecraft:iron_block":4,"minecraft:coal":21,"minecraft:cobblestone":33},"minecraft:killed":{"spore:inf_player":1,"minecraft:zombie":2,"spore:busser":1},"minecraft:crafted":{"biomesoplenty:dead_planks":24,"minecraft:crafting_table":1,"minecraft:wooden_pickaxe":1,"minecraft:furnace":1,"minecraft:air":0,"minecraft:shield":1,"minecraft:stick":8,"minecraft:iron_ingot":3,"minecraft:stone_pickaxe":1,"minecraft:wooden_axe":1},"minecraft:mined":{"minecraft:spruce_planks":1,"minecraft:mossy_cobblestone":2,"spore:vent_door":4,"minecraft:crafting_table":2,"spore:lab_block3":2,"minecraft:grass_block":4,"minecraft:soul_campfire":1,"minecraft:cobblestone":5,"minecraft:deepslate_coal_ore":1,"minecraft:birch_slab":1,"minecraft:smooth_stone":8,"minecraft:furnace":2,"minecraft:iron_ore":20,"minecraft:blue_ice":35,"spore:cdu":4,"minecraft:grass":3,"biomesoplenty:dead_log":6,"minecraft:coal_ore":14,"minecraft:dirt":1,"minecraft:packed_ice":2,"biomesoplenty:dead_planks":3,"minecraft:stone":31,"minecraft:stone_bricks":1,"minecraft:iron_block":4},"minecraft:custom":{"minecraft:interact_with_furnace":6,"minecraft:mob_kills":4,"minecraft:interact_with_crafting_table":6,"minecraft:time_since_death":37129,"minecraft:climb_one_cm":12032,"minecraft:time_since_rest":36650,"minecraft:sprint_one_cm":51025,"minecraft:open_enderchest":3,"minecraft:damage_taken":868,"minecraft:walk_one_cm":69613,"minecraft:drop":4,"minecraft:damage_dealt":31,"minecraft:swim_one_cm":66457,"minecraft:fly_one_cm":42340,"minecraft:player_kills":1,"minecraft:open_chest":20,"minecraft:crouch_one_cm":254,"minecraft:play_time":41101,"tombstone:undead_killed":2,"minecraft:deaths":1,"minecraft:sneak_time":850,"minecraft:walk_under_water_one_cm":49954,"minecraft:jump":498,"minecraft:walk_on_water_one_cm":40609,"minecraft:total_world_time":41101,"minecraft:fall_one_cm":13503},"minecraft:dropped":{"minecraft:bread":5,"minecraft:crimson_button":1,"minecraft:cherry_button":1,"minecraft:stone_bricks":1},"minecraft:used":{"spore:cdu":3,"minecraft:stone_pickaxe":123,"minecraft:spruce_planks":1,"minecraft:wooden_pickaxe":18,"minecraft:cooked_chicken":4,"minecraft:dirt":4,"minecraft:crafting_table":2,"biomesoplenty:dead_planks":5,"tombstone:bag_of_seeds":1,"minecraft:wooden_axe":7,"minecraft:bread":9,"minecraft:stone_bricks":1,"minecraft:cobblestone":19,"minecraft:bow":20,"minecraft:furnace":2,"tombstone:gift":2},"minecraft:killed_by":{"spore:busser":1}},"DataVersion":3465}