{"stats":{"minecraft:dropped":{"biomesoplenty:dead_door":2,"minecraft:bread":12,"minecraft:candle":4,"minecraft:wheat_seeds":4,"minecraft:baked_potato":2,"minecraft:mossy_cobblestone":1,"minecraft:iron_helmet":2,"minecraft:cobblestone":8,"biomesoplenty:fir_slab":1,"biomesoplenty:fir_sapling":1,"minecraft:flint":1,"minecraft:stick":2,"minecraft:iron_block":2,"minecraft:dirt":63,"tombstone:grave_dust":4,"minecraft:iron_leggings":1,"minecraft:cherry_button":1,"minecraft:string":1,"alexscaves:tripodfish":1,"minecraft:bone":2,"minecraft:gravel":1,"minecraft:farmland":1,"biomesoplenty:dead_slab":46,"minecraft:rotten_flesh":6,"minecraft:iron_boots":1,"minecraft:crimson_button":1,"biomesoplenty:dead_sapling":1,"biomesoplenty:fir_planks":3,"spore:infested_dirt":4,"minecraft:melon_seeds":2,"minecraft:stone_bricks":1,"minecraft:stone_pickaxe":1,"minecraft:cyan_bed":2,"biomesoplenty:fir_log":44},"minecraft:killed_by":{"spore:busser":3,"minecraft:creeper":1,"spore:inf_player":1,"man:managgresive":5,"spore:braiomil":1,"minecraft:zombie":1,"minecraft:illusioner":1},"minecraft:used":{"spore:cdu":3,"minecraft:iron_shovel":216,"minecraft:cracked_deepslate_bricks":1,"minecraft:chest":4,"minecraft:spruce_planks":1,"minecraft:shield":8,"securitycraft:bucket_f_lava":4,"minecraft:farmland":85,"minecraft:wooden_shovel":181,"minecraft:cooked_chicken":4,"minecraft:torch":264,"minecraft:brewing_stand":1,"minecraft:dirt":223,"sanitydim:garland":1,"minecraft:deepslate_brick_slab":515,"minecraft:snowball":6,"minecraft:tuff":2,"biomesoplenty:dead_boat":1,"minecraft:milk_bucket":8,"minecraft:wooden_axe":130,"minecraft:lava_bucket":5,"minecraft:iron_axe":499,"spore:infested_dirt":2,"biomesoplenty:dead_stairs":6,"biomesoplenty:dead_slab":8,"minecraft:stone_bricks":1,"minecraft:bow":108,"minecraft:furnace":4,"minecraft:minecart":2,"tombstone:gift":6,"spore:delusioner_spawnegg":1,"minecraft:cooked_beef":15,"minecraft:cobbled_deepslate":27,"minecraft:wheat_seeds":5,"minecraft:cooked_mutton":4,"minecraft:water_bucket":95,"minecraft:stone_pickaxe":242,"minecraft:baked_potato":3,"minecraft:wooden_pickaxe":59,"biomesoplenty:fir_planks":1716,"biomesoplenty:fir_boat":1,"minecraft:spruce_sign":1,"minecraft:deepslate_bricks":212,"minecraft:polished_deepslate_slab":2,"minecraft:mossy_cobblestone":2,"minecraft:sand":22,"minecraft:rail":3,"biomesoplenty:fir_slab":249,"minecraft:crafting_table":5,"minecraft:white_bed":3,"biomesoplenty:dead_planks":64,"minecraft:birch_fence":24,"waystones:waystone":8,"tombstone:bag_of_seeds":1,"minecraft:wooden_hoe":2,"biomesoplenty:umbran_planks":62,"minecraft:bread":18,"minecraft:cyan_bed":2,"minecraft:iron_pickaxe":735,"biomesoplenty:fir_stairs":75,"minecraft:deepslate":18,"tombstone:grave_key":4,"minecraft:gravel":8,"minecraft:stone_axe":244,"biomesoplenty:dead_door":6,"minecraft:diamond_sword":54,"minecraft:cobblestone":220,"minecraft:cobbled_deepslate_slab":3,"minecraft:cooked_porkchop":5,"minecraft:andesite":2,"minecraft:bucket":90,"biomesoplenty:fir_sign":15,"minecraft:wither_rose":7,"biomesoplenty:fir_log":2},"minecraft:crafted":{"biomesoplenty:fir_stairs":68,"minecraft:coal":72,"minecraft:furnace":1,"sanitydim:garland":1,"minecraft:cooked_mutton":4,"biomesoplenty:dead_stairs":4,"minecraft:iron_boots":1,"biomesoplenty:fir_slab":174,"minecraft:iron_axe":2,"minecraft:stone_pickaxe":2,"minecraft:chest":4,"biomesoplenty:dead_door":3,"minecraft:minecart":1,"minecraft:raw_iron_block":9,"minecraft:cooked_beef":9,"biomesoplenty:umbran_planks":212,"biomesoplenty:dead_planks":52,"minecraft:wooden_shovel":3,"biomesoplenty:fir_boat":1,"minecraft:cooked_porkchop":2,"minecraft:crafting_table":2,"minecraft:wooden_pickaxe":1,"minecraft:iron_helmet":1,"minecraft:bucket":1,"biomesoplenty:dead_boat":1,"biomesoplenty:fir_sign":3,"minecraft:air":0,"biomesoplenty:fir_planks":1444,"biomesoplenty:dead_slab":42,"minecraft:wooden_hoe":1,"minecraft:shield":1,"minecraft:stick":16,"minecraft:iron_ingot":164,"minecraft:iron_pickaxe":3,"minecraft:wooden_axe":3,"minecraft:iron_block":6,"minecraft:iron_leggings":1,"minecraft:torch":76},"minecraft:killed":{"minecraft:cave_spider":1,"minecraft:witch":1,"minecraft:spider":1,"minecraft:skeleton":5,"spore:delusioner":1,"spore:inf_player":2,"minecraft:zombie_villager":1,"spore:inf_drowned":2,"minecraft:creeper":1,"spore:inf_pillager":1,"spore:inf_villager":1,"spore:mound":6,"minecraft:zombie":12,"spore:inf_human":2,"spore:busser":2},"minecraft:picked_up":{"minecraft:wooden_axe":1,"minecraft:crafting_table":4,"minecraft:iron_chestplate":2,"minecraft:azure_bluet":27,"minecraft:chicken":1,"spore:infested_dirt":6,"spore:lab_block3":2,"minecraft:wither_rose":17,"minecraft:enchanted_book":2,"minecraft:shield":1,"minecraft:string":2,"biomesoplenty:fir_door":1,"minecraft:soul_soil":1,"minecraft:iron_leggings":1,"biomesoplenty:fir_sign":2,"minecraft:iron_shovel":1,"biomesoplenty:dead_sapling":6,"minecraft:smooth_stone":8,"minecraft:candle":4,"minecraft:cobbled_deepslate":38,"biomesoplenty:fir_planks":215,"minecraft:spruce_planks":1,"biomesoplenty:dead_slab":53,"minecraft:minecart":2,"minecraft:cherry_button":2,"minecraft:furnace":3,"minecraft:iron_boots":1,"minecraft:egg":2,"minecraft:stick":542,"minecraft:raw_iron":171,"minecraft:polished_deepslate_slab":3,"minecraft:torch":63,"biomesoplenty:umbran_planks":12,"minecraft:crimson_button":2,"minecraft:stone_button":4,"tombstone:grave_dust":12,"minecraft:diorite":28,"biomesoplenty:dead_door":7,"minecraft:arrow":5,"minecraft:rotten_flesh":8,"biomesoplenty:umbran_sapling":31,"minecraft:iron_block":5,"biomesoplenty:fir_slab":15,"minecraft:gold_ingot":2,"minecraft:glow_berries":6,"minecraft:snowball":2,"minecraft:rail":5,"minecraft:cobblestone":538,"spore:cdu":4,"minecraft:stripped_oak_log":1,"minecraft:dark_oak_button":1,"minecraft:birch_slab":1,"minecraft:glow_ink_sac":4,"minecraft:water_bucket":2,"minecraft:andesite":54,"minecraft:leather":2,"biomesoplenty:dead_stairs":10,"biomesoplenty:dead_log":15,"biomesoplenty:fir_sapling":23,"biomesoplenty:fir_log":247,"minecraft:flint":2,"minecraft:tuff":2,"minecraft:oak_log":6,"minecraft:gunpowder":1,"biomesoplenty:fir_stairs":6,"minecraft:lapis_lazuli":66,"minecraft:dirt":620,"minecraft:name_tag":1,"minecraft:bone":13,"minecraft:stone_bricks":2,"minecraft:deepslate_brick_slab":11,"minecraft:wheat_seeds":33,"minecraft:iron_ingot":14,"spore:mutated_fiber":16,"tombstone:bag_of_seeds":1,"biomesoplenty:umbran_log":117,"spore:vent_door":2,"spore:cerebrum":3,"spore:armor_fragment":1,"minecraft:sand":15,"minecraft:raw_iron_block":11,"minecraft:gravel":12,"biomesoplenty:dead_planks":51,"minecraft:white_bed":3,"minecraft:cyan_bed":5,"minecraft:spider_eye":1,"minecraft:mossy_cobblestone":6,"spore:claw_fragment":5,"minecraft:diamond":20,"waystones:waystone":4,"minecraft:iron_helmet":2,"minecraft:granite":18,"minecraft:spruce_sign":1,"minecraft:bread":6,"spore:spine_fragment":1,"tombstone:magic_scroll":1,"minecraft:coal":25,"minecraft:ender_pearl":2},"minecraft:broken":{"minecraft:iron_shovel":1,"minecraft:wooden_shovel":3,"sanitydim:garland":1,"minecraft:wooden_pickaxe":1,"minecraft:iron_axe":2,"minecraft:stone_axe":2,"minecraft:iron_pickaxe":2,"minecraft:iron_helmet":1,"minecraft:wooden_axe":2},"minecraft:custom":{"minecraft:mob_kills":39,"minecraft:interact_with_crafting_table":85,"minecraft:open_barrel":14,"minecraft:leave_game":4,"minecraft:time_since_death":175099,"minecraft:climb_one_cm":12032,"minecraft:sprint_one_cm":675991,"minecraft:walk_one_cm":1279186,"minecraft:damage_blocked_by_shield":585,"minecraft:drop":100,"minecraft:talked_to_villager":3,"minecraft:play_time":460801,"minecraft:deaths":18,"minecraft:sneak_time":11835,"minecraft:walk_under_water_one_cm":207171,"tombstone:tomb_raiding":1,"minecraft:jump":5326,"minecraft:interact_with_brewingstand":4,"minecraft:walk_on_water_one_cm":144091,"minecraft:total_world_time":460801,"minecraft:interact_with_furnace":56,"tombstone:raider_killed":1,"minecraft:sleep_in_bed":23,"minecraft:time_since_rest":45112,"minecraft:waystone_activated":9,"minecraft:open_enderchest":3,"minecraft:damage_taken":7336,"minecraft:minecart_one_cm":60,"minecraft:damage_dealt":5519,"minecraft:player_kills":5,"minecraft:swim_one_cm":93243,"minecraft:fly_one_cm":613448,"minecraft:open_chest":189,"minecraft:crouch_one_cm":10152,"tombstone:undead_killed":18,"minecraft:fall_one_cm":82538},"minecraft:mined":{"minecraft:tuff":2,"minecraft:spruce_planks":1,"spore:wall_growths_big":2,"minecraft:white_bed":3,"spore:wall_growths":1,"minecraft:mossy_cobblestone":6,"minecraft:deepslate_diamond_ore":10,"spore:lab_block3":2,"minecraft:granite":18,"biomesoplenty:umbran_planks":12,"biomesoplenty:fir_slab":12,"minecraft:grass_block":416,"spore:fungal_stem":2,"minecraft:soul_campfire":1,"minecraft:birch_slab":1,"minecraft:deepslate_brick_slab":8,"spore:growths_small":2,"spore:rotten_planks":94,"spore:infested_dirt":8,"spore:mycelium_veins":129,"minecraft:smooth_stone":8,"minecraft:raw_iron_block":1,"minecraft:furnace":3,"minecraft:iron_ore":117,"spore:blomfung":1,"minecraft:fire":13,"biomesoplenty:fir_wall_sign":2,"spore:cdu":4,"biomesoplenty:dead_door":5,"minecraft:andesite":35,"minecraft:deepslate_lapis_ore":5,"minecraft:azure_bluet":19,"biomesoplenty:fir_stairs":6,"minecraft:deepslate_iron_ore":55,"minecraft:polished_deepslate_slab":2,"minecraft:rail":1,"biomesoplenty:webbing":1,"minecraft:packed_ice":2,"minecraft:stone":437,"minecraft:iron_block":4,"minecraft:spruce_slab":1,"spore:vent_door":4,"minecraft:crafting_table":4,"minecraft:torch":13,"biomesoplenty:fir_planks":211,"biomesoplenty:dead_stairs":6,"minecraft:cobblestone":53,"minecraft:deepslate_coal_ore":1,"biomesoplenty:huge_clover_petal":15,"minecraft:cyan_bed":4,"minecraft:diorite":26,"minecraft:wall_torch":18,"minecraft:powered_rail":1,"biomesoplenty:dead_slab":8,"minecraft:blue_ice":36,"biomesoplenty:umbran_log":117,"biomesoplenty:fir_log":180,"minecraft:wither_rose":15,"minecraft:grass":141,"biomesoplenty:dead_log":14,"biomesoplenty:clover":74,"minecraft:coal_ore":18,"minecraft:mycelium":33,"biomesoplenty:fir_leaves":3,"minecraft:gravel":12,"minecraft:dirt":72,"biomesoplenty:dead_planks":51,"minecraft:stone_bricks":2,"minecraft:deepslate":40,"minecraft:fern":2}},"DataVersion":3465}