{"stats":{"minecraft:picked_up":{"minecraft:wooden_axe":1,"minecraft:iron_chestplate":1,"minecraft:crafting_table":2,"spore:lab_block3":2,"minecraft:wither_rose":12,"minecraft:string":2,"minecraft:soul_soil":1,"minecraft:iron_shovel":1,"biomesoplenty:dead_sapling":3,"minecraft:cobbled_deepslate":27,"minecraft:candle":4,"minecraft:smooth_stone":8,"biomesoplenty:fir_planks":4,"minecraft:spruce_planks":1,"minecraft:cherry_button":2,"minecraft:egg":1,"minecraft:furnace":3,"minecraft:stick":22,"minecraft:raw_iron":159,"minecraft:torch":7,"biomesoplenty:umbran_planks":2,"minecraft:crimson_button":2,"minecraft:stone_button":4,"tombstone:grave_dust":5,"minecraft:diorite":28,"minecraft:arrow":1,"minecraft:rotten_flesh":6,"biomesoplenty:umbran_sapling":31,"minecraft:iron_block":5,"minecraft:rail":2,"minecraft:cobblestone":480,"minecraft:stripped_oak_log":1,"spore:cdu":4,"minecraft:dark_oak_button":1,"minecraft:glow_ink_sac":2,"minecraft:birch_slab":1,"minecraft:andesite":3,"biomesoplenty:dead_log":6,"biomesoplenty:fir_log":40,"minecraft:tuff":2,"minecraft:dirt":76,"minecraft:bone":8,"minecraft:stone_bricks":2,"minecraft:wheat_seeds":6,"minecraft:iron_ingot":7,"tombstone:bag_of_seeds":1,"spore:mutated_fiber":4,"biomesoplenty:umbran_log":117,"spore:vent_door":2,"spore:cerebrum":3,"spore:armor_fragment":1,"minecraft:raw_iron_block":1,"minecraft:gravel":10,"biomesoplenty:dead_planks":3,"minecraft:white_bed":3,"minecraft:cyan_bed":5,"minecraft:spider_eye":1,"minecraft:mossy_cobblestone":6,"spore:claw_fragment":5,"minecraft:diamond":9,"minecraft:iron_helmet":1,"minecraft:granite":16,"spore:spine_fragment":1,"minecraft:coal":24},"minecraft:killed":{"minecraft:cave_spider":1,"minecraft:witch":1,"minecraft:skeleton":4,"spore:inf_player":2,"minecraft:zombie_villager":1,"spore:inf_drowned":2,"spore:inf_pillager":1,"spore:inf_villager":1,"spore:inf_human":2,"minecraft:zombie":3,"spore:busser":1},"minecraft:crafted":{"minecraft:coal":72,"minecraft:furnace":1,"minecraft:cooked_mutton":4,"minecraft:iron_boots":1,"minecraft:iron_axe":1,"minecraft:stone_pickaxe":2,"minecraft:cooked_beef":9,"biomesoplenty:umbran_planks":212,"biomesoplenty:dead_planks":24,"minecraft:cooked_porkchop":2,"minecraft:crafting_table":1,"minecraft:wooden_pickaxe":1,"minecraft:iron_helmet":1,"minecraft:air":0,"biomesoplenty:fir_planks":160,"minecraft:shield":1,"minecraft:stick":16,"minecraft:iron_ingot":51,"minecraft:iron_pickaxe":3,"minecraft:wooden_axe":1,"minecraft:iron_leggings":1,"minecraft:torch":76},"minecraft:mined":{"minecraft:tuff":2,"minecraft:spruce_planks":1,"minecraft:white_bed":3,"minecraft:mossy_cobblestone":6,"minecraft:deepslate_diamond_ore":9,"minecraft:granite":16,"spore:lab_block3":2,"biomesoplenty:umbran_planks":2,"minecraft:grass_block":68,"minecraft:soul_campfire":1,"minecraft:birch_slab":1,"minecraft:smooth_stone":8,"minecraft:raw_iron_block":1,"minecraft:furnace":3,"minecraft:iron_ore":116,"spore:cdu":4,"minecraft:andesite":6,"minecraft:deepslate_iron_ore":44,"biomesoplenty:webbing":1,"minecraft:packed_ice":2,"minecraft:stone":432,"minecraft:iron_block":4,"minecraft:spruce_slab":1,"spore:vent_door":4,"minecraft:crafting_table":2,"minecraft:torch":1,"biomesoplenty:fir_planks":3,"minecraft:cobblestone":53,"minecraft:deepslate_coal_ore":1,"minecraft:cyan_bed":4,"minecraft:diorite":26,"minecraft:wall_torch":2,"minecraft:powered_rail":1,"minecraft:blue_ice":36,"minecraft:wither_rose":15,"biomesoplenty:umbran_log":117,"biomesoplenty:fir_log":54,"minecraft:grass":57,"biomesoplenty:dead_log":6,"minecraft:coal_ore":18,"biomesoplenty:fir_leaves":3,"minecraft:gravel":10,"minecraft:dirt":13,"biomesoplenty:dead_planks":3,"minecraft:stone_bricks":2,"minecraft:deepslate":27,"minecraft:fern":1},"minecraft:broken":{"minecraft:wooden_pickaxe":1,"minecraft:iron_pickaxe":2,"minecraft:wooden_axe":1},"minecraft:custom":{"minecraft:mob_kills":19,"minecraft:interact_with_crafting_table":26,"minecraft:open_barrel":14,"minecraft:leave_game":1,"minecraft:time_since_death":18633,"minecraft:climb_one_cm":12032,"minecraft:sprint_one_cm":361987,"minecraft:walk_one_cm":426784,"minecraft:damage_blocked_by_shield":585,"minecraft:drop":39,"minecraft:talked_to_villager":2,"minecraft:play_time":161426,"minecraft:deaths":5,"minecraft:sneak_time":3099,"minecraft:walk_under_water_one_cm":77143,"minecraft:jump":2701,"minecraft:walk_on_water_one_cm":73481,"minecraft:total_world_time":161426,"minecraft:interact_with_furnace":51,"tombstone:raider_killed":1,"minecraft:sleep_in_bed":20,"minecraft:time_since_rest":18301,"minecraft:waystone_activated":1,"minecraft:open_enderchest":3,"minecraft:damage_taken":3683,"minecraft:damage_dealt":1255,"minecraft:swim_one_cm":79369,"minecraft:fly_one_cm":276366,"minecraft:player_kills":2,"minecraft:open_chest":67,"minecraft:crouch_one_cm":2808,"tombstone:undead_killed":8,"minecraft:fall_one_cm":57257},"minecraft:dropped":{"minecraft:bread":12,"minecraft:candle":4,"minecraft:wheat_seeds":1,"minecraft:baked_potato":2,"minecraft:mossy_cobblestone":1,"minecraft:iron_helmet":2,"minecraft:cobblestone":8,"minecraft:stick":2,"minecraft:iron_block":2,"minecraft:dirt":1,"minecraft:cherry_button":1,"minecraft:iron_leggings":1,"minecraft:string":1,"alexscaves:tripodfish":1,"minecraft:bone":2,"minecraft:gravel":1,"minecraft:rotten_flesh":6,"minecraft:iron_boots":1,"minecraft:crimson_button":1,"minecraft:melon_seeds":2,"minecraft:stone_bricks":1,"minecraft:stone_pickaxe":1,"minecraft:cyan_bed":2},"minecraft:used":{"spore:cdu":3,"minecraft:iron_shovel":66,"minecraft:spruce_planks":1,"minecraft:shield":8,"minecraft:cooked_chicken":4,"minecraft:torch":164,"minecraft:dirt":16,"minecraft:snowball":6,"minecraft:milk_bucket":1,"minecraft:wooden_axe":62,"minecraft:iron_axe":149,"minecraft:stone_bricks":1,"minecraft:bow":59,"minecraft:furnace":4,"tombstone:gift":4,"minecraft:cooked_beef":14,"minecraft:cobbled_deepslate":27,"minecraft:cooked_mutton":4,"minecraft:water_bucket":19,"minecraft:stone_pickaxe":196,"minecraft:baked_potato":3,"minecraft:wooden_pickaxe":59,"biomesoplenty:fir_planks":163,"minecraft:mossy_cobblestone":2,"minecraft:crafting_table":3,"biomesoplenty:dead_planks":5,"minecraft:white_bed":3,"tombstone:bag_of_seeds":1,"biomesoplenty:umbran_planks":62,"minecraft:cyan_bed":2,"minecraft:bread":12,"minecraft:iron_pickaxe":602,"minecraft:gravel":7,"minecraft:cobblestone":215,"minecraft:bucket":19,"minecraft:wither_rose":7},"minecraft:killed_by":{"spore:busser":1,"man:managgresive":2,"spore:braiomil":1}},"DataVersion":3465}