{"stats":{"minecraft:picked_up":{"minecraft:wooden_axe":1,"minecraft:crafting_table":2,"minecraft:raw_iron":15,"biomesoplenty:dead_log":6,"minecraft:dirt":1,"minecraft:mossy_cobblestone":2,"biomesoplenty:dead_sapling":3,"minecraft:coal":21,"minecraft:cobblestone":28,"minecraft:furnace":2},"minecraft:crafted":{"biomesoplenty:dead_planks":24,"minecraft:shield":1,"minecraft:crafting_table":1,"minecraft:stick":8,"minecraft:wooden_pickaxe":1,"minecraft:iron_ingot":3,"minecraft:stone_pickaxe":1,"minecraft:wooden_axe":1,"minecraft:furnace":1,"minecraft:air":0},"minecraft:mined":{"minecraft:furnace":2,"minecraft:mossy_cobblestone":2,"minecraft:iron_ore":15,"minecraft:blue_ice":18,"minecraft:crafting_table":2,"minecraft:grass":3,"biomesoplenty:dead_log":6,"minecraft:grass_block":1,"minecraft:coal_ore":14,"minecraft:cobblestone":1,"minecraft:deepslate_coal_ore":1,"minecraft:stone":29},"minecraft:custom":{"minecraft:time_since_rest":12650,"minecraft:sprint_one_cm":19995,"minecraft:interact_with_furnace":6,"minecraft:damage_taken":385,"minecraft:walk_one_cm":28773,"minecraft:damage_dealt":10,"minecraft:interact_with_crafting_table":6,"minecraft:swim_one_cm":18018,"minecraft:fly_one_cm":24506,"minecraft:open_chest":6,"minecraft:crouch_one_cm":56,"minecraft:play_time":17101,"minecraft:deaths":1,"minecraft:sneak_time":132,"minecraft:walk_under_water_one_cm":20584,"minecraft:jump":228,"minecraft:walk_on_water_one_cm":12566,"minecraft:time_since_death":13129,"minecraft:climb_one_cm":41,"minecraft:total_world_time":17101,"minecraft:fall_one_cm":4822},"minecraft:used":{"minecraft:wooden_axe":2,"minecraft:stone_pickaxe":68,"minecraft:wooden_pickaxe":15,"minecraft:cobblestone":14,"minecraft:crafting_table":2,"minecraft:furnace":2,"tombstone:gift":2},"minecraft:killed_by":{"spore:busser":1}},"DataVersion":3465}