{"stats":{"minecraft:dropped":{"biomesoplenty:fir_log":44,"minecraft:candle":4,"minecraft:oak_log":5,"minecraft:baked_potato":2,"minecraft:rail":1,"biomesoplenty:fir_sapling":1,"minecraft:flint":1,"minecraft:dirt":116,"securitycraft:keypad_frame":1,"minecraft:cherry_button":1,"minecraft:birch_log":1,"minecraft:bone":11,"minecraft:gravel":1,"minecraft:lever":4,"minecraft:birch_sapling":6,"minecraft:rotten_flesh":7,"minecraft:salmon":2,"minecraft:gunpowder":2,"securitycraft:scanner_door_item":3,"minecraft:melon_seeds":2,"minecraft:glass":1,"biomesoplenty:dead_door":2,"minecraft:bread":12,"minecraft:wheat_seeds":8,"minecraft:golden_helmet":2,"minecraft:mossy_cobblestone":1,"minecraft:minecart":2,"minecraft:iron_helmet":3,"minecraft:cobblestone":9,"minecraft:apple":1,"biomesoplenty:fir_slab":1,"minecraft:stick":2,"minecraft:iron_block":2,"minecraft:wooden_hoe":1,"tombstone:grave_key":1,"minecraft:wooden_axe":1,"tombstone:grave_dust":4,"minecraft:iron_leggings":1,"minecraft:string":1,"alexscaves:tripodfish":1,"minecraft:farmland":1,"minecraft:anvil":1,"minecraft:oak_trapdoor":1,"minecraft:stone_sword":1,"biomesoplenty:dead_slab":46,"minecraft:iron_boots":1,"minecraft:crimson_button":1,"biomesoplenty:dead_sapling":1,"biomesoplenty:fir_planks":3,"minecraft:oak_button":1,"minecraft:iron_chestplate":1,"minecraft:oak_sapling":13,"minecraft:stone_bricks":1,"minecraft:stone_pickaxe":2,"minecraft:cyan_bed":2},"minecraft:killed_by":{"minecraft:creeper":2,"man:managgresive":5,"minecraft:zombie":1,"minecraft:illusioner":1,"minecraft:skeleton":1},"minecraft:used":{"minecraft:iron_shovel":216,"minecraft:dispenser":16,"minecraft:diamond_hoe":334,"minecraft:shield":20,"minecraft:chest":31,"minecraft:stone":131,"minecraft:farmland":104,"securitycraft:reinforced_deepslate_bricks":341,"sanitydim:garland":1,"securitycraft:keypad_item":22,"minecraft:carrot":276,"minecraft:deepslate_brick_slab":535,"minecraft:tuff":2,"minecraft:obsidian":13,"minecraft:snowball":6,"spore:infected_bow":233,"minecraft:milk_bucket":8,"minecraft:glass":73,"minecraft:lava_bucket":165,"minecraft:grass_block":654,"minecraft:iron_helmet":1,"minecraft:stone_bricks":1,"minecraft:bow":170,"minecraft:oak_sapling":50,"minecraft:furnace":11,"biomesoplenty:fir_fence_gate":1,"minecraft:egg":1,"minecraft:potato":142,"biomesoplenty:fir_fence":26,"minecraft:diorite":10,"minecraft:stone_pickaxe":362,"minecraft:oak_planks":10,"securitycraft:keypad_frame":8,"minecraft:wooden_pickaxe":59,"minecraft:sandstone":1,"biomesoplenty:fir_planks":2029,"biomesoplenty:fir_boat":1,"minecraft:white_wool":2,"minecraft:sand":229,"minecraft:crossbow":1,"biomesoplenty:dead_planks":64,"securitycraft:reinforced_oak_slab":161,"minecraft:birch_fence":26,"waystones:waystone":11,"minecraft:lever":27,"biomesoplenty:umbran_planks":62,"securitycraft:reinforced_grass_block":254,"minecraft:bread":18,"minecraft:cyan_bed":3,"biomesoplenty:fir_stairs":149,"tombstone:grave_key":5,"minecraft:deepslate":18,"minecraft:iron_door":5,"minecraft:gravel":10,"biomesoplenty:dead_door":6,"minecraft:diamond_sword":433,"minecraft:andesite":2,"biomesoplenty:fir_sign":16,"minecraft:coarse_dirt":3,"minecraft:bone_meal":93,"minecraft:oak_trapdoor":21,"minecraft:flint_and_steel":1,"minecraft:cracked_deepslate_bricks":1,"minecraft:redstone":2,"minecraft:spruce_planks":1,"securitycraft:bucket_f_lava":4,"minecraft:wooden_shovel":181,"minecraft:cooked_chicken":4,"minecraft:torch":602,"minecraft:brewing_stand":1,"minecraft:dirt":1133,"minecraft:anvil":3,"biomesoplenty:dead_boat":1,"securitycraft:reinforced_dirt":97,"minecraft:wooden_axe":170,"minecraft:iron_axe":499,"minecraft:oak_stairs":2,"spore:infested_dirt":3,"minecraft:smooth_sandstone":5,"biomesoplenty:dead_stairs":6,"minecraft:smooth_quartz":10,"biomesoplenty:dead_slab":8,"minecraft:melon_seeds":106,"minecraft:minecart":2,"tombstone:gift":7,"minecraft:trapped_chest":1,"minecraft:cooked_beef":15,"minecraft:cobbled_deepslate":27,"minecraft:cooked_mutton":4,"minecraft:wheat_seeds":347,"minecraft:water_bucket":142,"securitycraft:reinforced_oak_planks":581,"securitycraft:reinforced_cobblestone":8,"minecraft:baked_potato":3,"minecraft:spruce_sign":1,"minecraft:cobblestone_slab":12,"securitycraft:scanner_door_item":6,"minecraft:deepslate_bricks":212,"minecraft:mossy_cobblestone":2,"minecraft:polished_deepslate_slab":2,"minecraft:rail":3,"biomesoplenty:fir_slab":861,"minecraft:crafting_table":8,"minecraft:white_bed":7,"tombstone:bag_of_seeds":1,"minecraft:wooden_hoe":33,"minecraft:apple":3,"minecraft:iron_pickaxe":1460,"minecraft:oak_button":3,"minecraft:stone_axe":244,"biomesoplenty:fir_door":20,"minecraft:cobblestone":556,"minecraft:cobbled_deepslate_slab":3,"minecraft:cooked_porkchop":27,"minecraft:bucket":97,"minecraft:wither_rose":7,"securitycraft:reinforced_oak_stairs":67,"biomesoplenty:fir_log":3},"minecraft:crafted":{"minecraft:cobblestone_slab":6,"minecraft:stone":8,"securitycraft:keypad_item":1,"minecraft:heavy_weighted_pressure_plate":1,"minecraft:cooked_mutton":4,"minecraft:iron_boots":1,"biomesoplenty:fir_slab":174,"spore:fleshy_claw":3,"minecraft:chest":11,"minecraft:iron_door":3,"minecraft:raw_iron_block":9,"minecraft:wooden_shovel":3,"minecraft:cooked_porkchop":2,"minecraft:crafting_table":3,"minecraft:wooden_pickaxe":1,"minecraft:iron_helmet":2,"biomesoplenty:dead_boat":1,"biomesoplenty:fir_planks":1592,"minecraft:wooden_hoe":1,"minecraft:shield":2,"minecraft:stick":16,"minecraft:iron_ingot":210,"minecraft:iron_pickaxe":7,"minecraft:iron_block":6,"spore:hardened_bind":1,"biomesoplenty:fir_stairs":136,"minecraft:coal":72,"minecraft:furnace":3,"minecraft:stone_button":8,"sanitydim:garland":1,"securitycraft:keypad_frame":1,"biomesoplenty:dead_stairs":4,"minecraft:iron_axe":2,"minecraft:stone_pickaxe":2,"minecraft:minecart":1,"biomesoplenty:dead_door":3,"minecraft:cooked_beef":9,"spore:living_core":1,"biomesoplenty:umbran_planks":212,"biomesoplenty:dead_planks":52,"biomesoplenty:fir_boat":1,"minecraft:bucket":1,"minecraft:air":0,"biomesoplenty:fir_sign":3,"biomesoplenty:dead_slab":42,"biomesoplenty:fir_fence":54,"minecraft:wooden_axe":3,"minecraft:iron_leggings":1,"minecraft:torch":76,"biomesoplenty:fir_fence_gate":1},"minecraft:killed":{"minecraft:cave_spider":1,"minecraft:witch":1,"spore:braiomil":3,"minecraft:spider":1,"minecraft:skeleton":9,"spore:spitter":2,"minecraft:pig":1,"spore:inf_wanderer":2,"minecraft:zombie_villager":1,"man:managgresive":2,"spore:volatile":1,"spore:scamper":2,"minecraft:creeper":5,"minecraft:sheep":2,"spore:inf_villager":42,"spore:mound":4,"spore:inf_human":40,"minecraft:zombie":16,"spore:licker":1,"spore:knight":2,"minecraft:blaze":3,"sanitydim:rotting_stalker":1,"spore:inquisitor":2,"spore:griefer":1,"minecraft:drowned":1,"spore:gastgaber":1,"spore:inf_pillager":32,"spore:busser":1,"minecraft:wither_skeleton":1},"minecraft:picked_up":{"spore:mutated_heart":29,"minecraft:iron_chestplate":2,"minecraft:wheat":127,"securitycraft:reinforced_oak_slab":2,"securitycraft:keypad_item":3,"spore:infested_dirt":3,"minecraft:wither_rose":17,"minecraft:enchanted_book":2,"tombstone:grave_key":1,"securitycraft:reinforced_oak_planks":8,"spore:innards":1,"minecraft:string":2,"minecraft:raw_copper":9,"minecraft:soul_soil":1,"minecraft:iron_leggings":1,"biomesoplenty:fir_sign":5,"biomesoplenty:dead_sapling":6,"minecraft:cobbled_deepslate":38,"minecraft:smooth_stone":8,"biomesoplenty:fir_planks":541,"minecraft:spruce_planks":1,"minecraft:cobblestone_slab":9,"securitycraft:reinforced_oak_stairs":3,"spore:infested_sand":10,"minecraft:melon_slice":15,"biomesoplenty:dead_slab":94,"minecraft:furnace":3,"minecraft:iron_boots":1,"minecraft:golden_helmet":2,"minecraft:stick":711,"minecraft:oak_fence":12,"minecraft:torch":126,"biomesoplenty:umbran_planks":12,"minecraft:crimson_button":2,"tombstone:grave_dust":14,"minecraft:diorite":80,"biomesoplenty:dead_door":7,"minecraft:rotten_flesh":13,"minecraft:iron_block":5,"biomesoplenty:fir_slab":19,"minecraft:blaze_rod":1,"minecraft:snowball":2,"minecraft:cobblestone":1009,"minecraft:birch_log":5,"minecraft:leather_chestplate":1,"minecraft:birch_slab":1,"minecraft:water_bucket":2,"minecraft:andesite":96,"biomesoplenty:fir_log":247,"minecraft:potato":11,"biomesoplenty:dead_log":15,"biomesoplenty:fir_sapling":23,"spore:brain_remnants":2,"minecraft:flint":2,"minecraft:tuff":2,"biomesoplenty:fir_stairs":14,"minecraft:lapis_lazuli":66,"minecraft:dirt":991,"minecraft:name_tag":1,"minecraft:leather_boots":1,"securitycraft:reinforced_stone_button":8,"minecraft:bone":26,"minecraft:wheat_seeds":472,"biomesoplenty:fir_boat":2,"minecraft:deepslate_brick_slab":11,"spore:biomass_block":6,"minecraft:oak_planks":7,"spore:cerebrum":36,"spore:armor_fragment":120,"minecraft:sand":21,"biomesoplenty:fir_fence":36,"minecraft:grass_block":1,"minecraft:cyan_bed":5,"minecraft:mossy_cobblestone":6,"spore:claw_fragment":48,"minecraft:diamond":20,"minecraft:lever":3,"waystones:waystone":6,"minecraft:crossbow":2,"minecraft:granite":21,"minecraft:spruce_sign":1,"minecraft:bread":6,"spore:spine_fragment":27,"minecraft:oak_sapling":17,"minecraft:crafting_table":5,"minecraft:azure_bluet":27,"minecraft:chicken":1,"minecraft:clay_ball":88,"minecraft:shield":3,"biomesoplenty:fir_door":3,"minecraft:birch_fence":7,"minecraft:iron_shovel":1,"minecraft:candle":4,"securitycraft:keypad_frame":1,"minecraft:beef":3,"minecraft:minecart":3,"minecraft:birch_sapling":34,"minecraft:cherry_button":2,"minecraft:egg":4,"spore:tumor":12,"minecraft:raw_iron":211,"minecraft:polished_deepslate_slab":3,"securitycraft:reinforced_cobblestone":60,"spore:wing_membrane":3,"minecraft:stone_button":4,"minecraft:carrot":409,"minecraft:arrow":16,"biomesoplenty:umbran_sapling":31,"minecraft:gold_ingot":2,"spore:alveolic_sack":4,"minecraft:glow_berries":6,"minecraft:rail":6,"minecraft:white_wool":3,"minecraft:stripped_oak_log":1,"minecraft:dark_oak_button":1,"minecraft:glow_ink_sac":4,"spore:rooted_biomass":3,"minecraft:salmon":2,"spore:infested_stone":29,"minecraft:leather":4,"biomesoplenty:dead_stairs":12,"minecraft:oak_log":11,"minecraft:gunpowder":3,"securitycraft:scanner_door_item":1,"minecraft:apple":5,"minecraft:stone_bricks":2,"minecraft:iron_ingot":15,"spore:mutated_fiber":249,"tombstone:bag_of_seeds":1,"biomesoplenty:umbran_log":117,"minecraft:raw_iron_block":11,"minecraft:gravel":49,"biomesoplenty:dead_planks":51,"minecraft:white_bed":3,"minecraft:spider_eye":1,"securitycraft:reinforced_grass_block":1,"minecraft:chainmail_leggings":1,"minecraft:iron_helmet":2,"minecraft:oak_button":1,"tombstone:magic_scroll":1,"minecraft:melon_seeds":176,"minecraft:coal":192,"minecraft:wooden_axe":1,"minecraft:ender_pearl":2},"minecraft:broken":{"minecraft:iron_shovel":1,"minecraft:wooden_shovel":3,"minecraft:iron_boots":1,"minecraft:iron_leggings":1,"sanitydim:garland":1,"minecraft:stone_pickaxe":1,"minecraft:stone_axe":2,"minecraft:wooden_axe":2,"minecraft:wooden_pickaxe":1,"minecraft:iron_axe":2,"minecraft:iron_pickaxe":4,"minecraft:iron_helmet":1},"minecraft:custom":{"minecraft:interact_with_crafting_table":121,"minecraft:open_barrel":33,"minecraft:leave_game":16,"minecraft:time_since_death":160623,"minecraft:sprint_one_cm":1268521,"minecraft:damage_blocked_by_shield":1620,"minecraft:drop":157,"minecraft:talked_to_villager":4,"minecraft:play_time":1046325,"minecraft:deaths":24,"tombstone:tomb_raiding":1,"minecraft:jump":8736,"minecraft:interact_with_brewingstand":4,"minecraft:walk_on_water_one_cm":246904,"minecraft:interact_with_furnace":95,"minecraft:sleep_in_bed":30,"minecraft:waystone_activated":13,"minecraft:open_enderchest":3,"minecraft:damage_dealt":24549,"minecraft:player_kills":6,"minecraft:crouch_one_cm":26859,"tombstone:undead_killed":29,"minecraft:inspect_dispenser":25,"minecraft:interact_with_anvil":9,"minecraft:mob_kills":231,"minecraft:damage_dealt_resisted":459,"minecraft:climb_one_cm":13861,"minecraft:walk_one_cm":2956203,"minecraft:sneak_time":29500,"minecraft:walk_under_water_one_cm":339231,"minecraft:total_world_time":1046325,"tombstone:raider_killed":1,"minecraft:time_since_rest":24439,"minecraft:damage_taken":9782,"minecraft:trigger_trapped_chest":8,"minecraft:minecart_one_cm":60,"minecraft:swim_one_cm":127762,"minecraft:fly_one_cm":1996569,"minecraft:open_chest":556,"minecraft:fall_one_cm":121060},"minecraft:mined":{"spore:fungal_roots":1,"minecraft:spruce_planks":1,"spore:infested_sand":10,"minecraft:attached_melon_stem":1,"minecraft:white_bed":3,"spore:wall_growths":19,"spore:underwater_fungal_stem_top":4,"minecraft:granite":21,"biomesoplenty:umbran_planks":12,"biomesoplenty:fir_slab":16,"minecraft:grass_block":436,"spore:fungal_stem":3,"spore:infested_dirt":4,"spore:mycelium_veins":88,"minecraft:smooth_stone":8,"minecraft:raw_iron_block":1,"minecraft:iron_ore":157,"minecraft:fire":13,"spore:infested_stone":43,"biomesoplenty:dead_door":5,"minecraft:deepslate_lapis_ore":5,"spore:growth_mycelium":4,"minecraft:azure_bluet":19,"minecraft:polished_deepslate_slab":2,"biomesoplenty:webbing":1,"minecraft:iron_block":4,"minecraft:spruce_slab":1,"minecraft:melon_stem":105,"spore:growths_big":8,"minecraft:clay":22,"minecraft:torch":13,"minecraft:melon":3,"minecraft:cobblestone":76,"spore:biomass_block":7,"minecraft:cyan_bed":4,"minecraft:oak_planks":7,"minecraft:wall_torch":23,"minecraft:powered_rail":1,"minecraft:wheat":131,"minecraft:blue_ice":36,"biomesoplenty:umbran_log":117,"biomesoplenty:fir_log":180,"minecraft:wither_rose":15,"minecraft:grass":163,"biomesoplenty:clover":78,"biomesoplenty:dead_log":14,"minecraft:oak_log":5,"minecraft:sand":6,"minecraft:dirt":91,"spore:hanging_fungal_stem":16,"minecraft:oak_leaves":2,"spore:remains":9,"minecraft:deepslate":40,"minecraft:tuff":2,"spore:wall_growths_big":12,"minecraft:mossy_cobblestone":6,"minecraft:deepslate_diamond_ore":10,"spore:brain_remnants":2,"spore:rooted_biomass":3,"minecraft:soul_campfire":1,"minecraft:birch_slab":1,"spore:growths_small":8,"minecraft:deepslate_brick_slab":8,"minecraft:furnace":3,"minecraft:carrots":110,"spore:rotten_log":3,"spore:blomfung":3,"minecraft:andesite":77,"biomesoplenty:fir_wall_sign":2,"minecraft:potatoes":2,"minecraft:deepslate_iron_ore":55,"biomesoplenty:fir_stairs":13,"minecraft:cobblestone_slab":9,"minecraft:rail":1,"minecraft:packed_ice":2,"spore:underwater_fungal_stem":10,"minecraft:stone":803,"minecraft:white_wool":1,"minecraft:oak_fence":6,"minecraft:crafting_table":5,"biomesoplenty:fir_planks":212,"biomesoplenty:dead_stairs":6,"minecraft:copper_ore":2,"minecraft:deepslate_coal_ore":1,"biomesoplenty:huge_clover_petal":36,"minecraft:diorite":75,"biomesoplenty:dead_slab":8,"biomesoplenty:fir_fence":4,"spore:bloomfung2":11,"minecraft:birch_leaves":3,"minecraft:coal_ore":185,"minecraft:mycelium":45,"biomesoplenty:fir_leaves":3,"minecraft:gravel":19,"biomesoplenty:dead_planks":51,"minecraft:stone_bricks":2,"minecraft:birch_fence":5,"minecraft:fern":2}},"DataVersion":3465}