{"stats":{"minecraft:crafted":{"minecraft:cherry_planks":132,"minecraft:cooked_chicken":9,"minecraft:furnace":1,"minecraft:cooked_mutton":18,"travelersbackpack:white_sleeping_bag":1,"minecraft:iron_boots":1,"minecraft:iron_axe":1,"minecraft:stone_pickaxe":5,"minecraft:cooked_beef":7,"minecraft:cooked_porkchop":15,"minecraft:crafting_table":4,"minecraft:wooden_pickaxe":3,"minecraft:iron_helmet":1,"minecraft:stone_axe":1,"minecraft:air":0,"minecraft:iron_chestplate":1,"minecraft:shield":1,"minecraft:stick":56,"minecraft:iron_ingot":27,"minecraft:iron_pickaxe":1,"minecraft:wooden_axe":4,"minecraft:stone_sword":1,"minecraft:iron_leggings":1,"minecraft:white_bed":3,"minecraft:torch":100},"minecraft:broken":{"minecraft:stone_pickaxe":3,"minecraft:shield":1,"minecraft:stone_axe":1},"minecraft:dropped":{"minecraft:wheat_seeds":9,"minecraft:cooked_porkchop":4,"minecraft:feather":10,"minecraft:cobblestone":134,"minecraft:granite":15,"minecraft:dirt":12,"minecraft:diorite":11,"minecraft:torch":3,"minecraft:wooden_axe":1,"minecraft:sunflower":2,"minecraft:string":4,"minecraft:pink_petals":96,"minecraft:cobbled_deepslate":10,"minecraft:cherry_sapling":17,"minecraft:cooked_mutton":8,"minecraft:white_bed":2,"travelersbackpack:white_sleeping_bag":1,"minecraft:arrow":1},"minecraft:killed":{"minecraft:cave_spider":4,"minecraft:skeleton":3,"minecraft:chicken":9,"minecraft:pig":7,"minecraft:creeper":1,"minecraft:sheep":12,"minecraft:zombie":5,"minecraft:cow":4},"minecraft:custom":{"minecraft:mob_kills":46,"minecraft:interact_with_crafting_table":47,"minecraft:open_barrel":1,"minecraft:leave_game":5,"minecraft:time_since_death":3351,"minecraft:sprint_one_cm":236908,"minecraft:walk_one_cm":347186,"minecraft:damage_blocked_by_shield":2385,"minecraft:drop":96,"minecraft:play_time":130091,"minecraft:deaths":9,"minecraft:sneak_time":1902,"minecraft:walk_under_water_one_cm":5075,"tombstone:tomb_raiding":1,"minecraft:jump":1938,"minecraft:walk_on_water_one_cm":19355,"minecraft:total_world_time":130091,"minecraft:interact_with_furnace":65,"minecraft:interact_with_loom":1,"minecraft:sleep_in_bed":3,"minecraft:time_since_rest":1731,"minecraft:damage_taken":3455,"minecraft:damage_absorbed":40,"minecraft:damage_dealt":6249,"minecraft:swim_one_cm":10060,"minecraft:fly_one_cm":115945,"minecraft:player_kills":4,"minecraft:open_chest":13,"minecraft:crouch_one_cm":2157,"tombstone:undead_killed":8,"minecraft:fall_one_cm":29018},"minecraft:mined":{"minecraft:white_bed":2,"minecraft:cherry_log":47,"minecraft:granite":45,"minecraft:grass_block":41,"travelersbackpack:white_sleeping_bag":1,"minecraft:spawner":2,"minecraft:furnace":5,"minecraft:iron_ore":55,"minecraft:cobbled_deepslate":2,"minecraft:andesite":29,"minecraft:deepslate_iron_ore":1,"minecraft:stone":436,"minecraft:crafting_table":18,"minecraft:torch":1,"minecraft:copper_ore":1,"minecraft:tall_grass":2,"minecraft:cobblestone":11,"minecraft:oak_planks":3,"minecraft:diorite":41,"minecraft:wall_torch":3,"minecraft:pink_petals":30,"minecraft:grass":29,"minecraft:coal_ore":104,"minecraft:sunflower":2,"minecraft:dirt":24,"minecraft:cobweb":23,"minecraft:smooth_basalt":2,"minecraft:deepslate":37},"minecraft:killed_by":{"minecraft:player":1,"minecraft:enderman":1,"minecraft:cave_spider":1,"spore:inf_villager":1,"minecraft:skeleton":4,"minecraft:zombie":1},"minecraft:used":{"minecraft:stone_sword":31,"minecraft:shield":43,"minecraft:cooked_chicken":1,"minecraft:torch":76,"minecraft:dirt":25,"minecraft:granite":13,"minecraft:wooden_axe":63,"minecraft:iron_axe":23,"minecraft:iron_helmet":1,"minecraft:iron_boots":1,"minecraft:furnace":5,"tombstone:gift":4,"minecraft:egg":1,"minecraft:cooked_beef":1,"minecraft:cobbled_deepslate":9,"minecraft:iron_leggings":1,"minecraft:cooked_mutton":5,"minecraft:diorite":21,"minecraft:stone_pickaxe":686,"minecraft:wooden_pickaxe":73,"minecraft:cherry_planks":2,"minecraft:golden_apple":1,"minecraft:crafting_table":22,"minecraft:white_bed":2,"minecraft:bread":1,"minecraft:iron_pickaxe":26,"travelersbackpack:white_sleeping_bag":1,"tombstone:magic_scroll":1,"minecraft:stone_axe":132,"minecraft:cobblestone":123,"minecraft:cooked_porkchop":5,"minecraft:bucket":1,"minecraft:andesite":27},"minecraft:picked_up":{"minecraft:wooden_axe":1,"minecraft:crafting_table":18,"minecraft:chicken":9,"minecraft:wooden_pickaxe":1,"minecraft:string":23,"minecraft:raw_copper":4,"minecraft:cobbled_deepslate":51,"minecraft:beef":7,"minecraft:iron_pickaxe":1,"minecraft:egg":2,"minecraft:furnace":5,"minecraft:stick":21,"minecraft:raw_iron":56,"minecraft:torch":4,"minecraft:porkchop":15,"tombstone:grave_dust":1,"minecraft:cherry_log":47,"minecraft:diorite":36,"minecraft:rotten_flesh":4,"minecraft:arrow":2,"minecraft:saddle":1,"minecraft:mutton":18,"minecraft:white_wool":12,"minecraft:cobblestone":482,"minecraft:pink_petals":95,"minecraft:feather":18,"minecraft:andesite":28,"minecraft:leather":5,"minecraft:gunpowder":2,"minecraft:dirt":79,"minecraft:bone":4,"minecraft:bow":1,"minecraft:wheat_seeds":10,"minecraft:stone_pickaxe":1,"minecraft:iron_ingot":4,"minecraft:oak_planks":3,"minecraft:smooth_basalt":2,"minecraft:cooked_porkchop":3,"minecraft:white_bed":1,"travelersbackpack:white_sleeping_bag":1,"minecraft:granite":59,"minecraft:cherry_sapling":17,"minecraft:golden_apple":1,"minecraft:bread":1,"tombstone:magic_scroll":2,"minecraft:coal":208,"minecraft:sunflower":2}},"DataVersion":3465}