{"stats":{"minecraft:dropped":{"minecraft:wheat_seeds":4},"minecraft:killed_by":{"man:managgresive":1,"minecraft:skeleton":1,"sanitydim:sneaking_terror":1,"minecraft:creeper":1,"sanitydim:rotting_stalker":1,"minecraft:cave_spider":1},"minecraft:used":{"minecraft:netherite_sword":14,"biomesoplenty:spider_egg":4,"minecraft:cobblestone":8,"alexscaves:totem_of_possession":4,"tombstone:gift":3,"man:manfromthefogback_spawn_egg":4,"minecraft:zombie_spawn_egg":3,"securitycraft:suspicious_sand_mine":18,"biomesoplenty:smooth_white_sandstone":2},"minecraft:picked_up":{"securitycraft:suspicious_sand_mine":5,"minecraft:wheat_seeds":4,"minecraft:dirt":1,"minecraft:string":1,"minecraft:cobblestone":8},"minecraft:killed":{"sanitydim:rotting_stalker":1,"man:manfromthefogback":1},"minecraft:custom":{"minecraft:open_barrel":1,"minecraft:time_since_rest":5474,"minecraft:damage_taken":2980,"minecraft:crouch_one_cm":1351,"minecraft:play_time":53498,"minecraft:sprint_one_cm":54314,"minecraft:walk_one_cm":46489,"minecraft:deaths":8,"minecraft:sneak_time":6888,"minecraft:mob_kills":2,"minecraft:walk_under_water_one_cm":2945,"minecraft:drop":4,"minecraft:jump":663,"minecraft:damage_dealt":5204,"minecraft:leave_game":4,"minecraft:time_since_death":5534,"minecraft:walk_on_water_one_cm":12595,"minecraft:total_world_time":53498,"minecraft:swim_one_cm":2383,"minecraft:fly_one_cm":711473,"minecraft:fall_one_cm":15434},"minecraft:mined":{"minecraft:grass":2,"minecraft:grass_block":1,"securitycraft:suspicious_sand_mine":5,"biomesoplenty:spider_egg":1}},"DataVersion":3465}