{"stats":{"minecraft:dropped":{"minecraft:rotten_flesh":4,"tombstone:grave_key":1,"minecraft:wooden_axe":1,"minecraft:sunflower":1,"minecraft:wooden_pickaxe":1,"minecraft:dandelion":1},"minecraft:crafted":{"minecraft:oak_planks":88,"minecraft:crafting_table":3,"minecraft:wooden_pickaxe":2,"minecraft:furnace":2,"minecraft:stone_axe":2,"minecraft:air":0,"minecraft:shield":1,"minecraft:iron_axe":1,"minecraft:stick":16,"minecraft:iron_ingot":10,"minecraft:stone_pickaxe":3,"minecraft:wooden_axe":2,"minecraft:torch":28},"minecraft:used":{"minecraft:stone_pickaxe":222,"minecraft:wooden_pickaxe":37,"minecraft:torch":25,"minecraft:dirt":4,"minecraft:crafting_table":9,"minecraft:wooden_axe":46,"minecraft:apple":4,"minecraft:iron_axe":1,"minecraft:bread":2,"minecraft:stone_axe":21,"minecraft:furnace":1,"tombstone:gift":2},"minecraft:killed":{"minecraft:cow":3},"minecraft:mined":{"minecraft:white_bed":1,"minecraft:glass_pane":1,"minecraft:crafting_table":8,"minecraft:granite":8,"minecraft:grass_block":3,"minecraft:tall_grass":3,"minecraft:oak_planks":1,"minecraft:furnace":1,"minecraft:iron_ore":20,"minecraft:andesite":5,"minecraft:grass":6,"minecraft:oak_log":45,"minecraft:coal_ore":66,"minecraft:sunflower":1,"minecraft:gravel":2,"minecraft:dirt":2,"minecraft:stone":153,"minecraft:oak_leaves":1},"minecraft:custom":{"minecraft:interact_with_furnace":4,"minecraft:mob_kills":4,"minecraft:interact_with_crafting_table":15,"minecraft:time_since_death":38,"minecraft:sleep_in_bed":1,"minecraft:time_since_rest":1,"minecraft:sprint_one_cm":99583,"minecraft:damage_taken":1645,"minecraft:walk_one_cm":81036,"minecraft:drop":7,"minecraft:damage_dealt":1077,"minecraft:swim_one_cm":5556,"minecraft:fly_one_cm":60748,"minecraft:open_chest":3,"minecraft:crouch_one_cm":344,"minecraft:play_time":37895,"minecraft:deaths":5,"minecraft:sneak_time":290,"minecraft:walk_under_water_one_cm":6816,"minecraft:jump":563,"minecraft:walk_on_water_one_cm":10438,"minecraft:total_world_time":37895,"minecraft:fall_one_cm":10366},"minecraft:killed_by":{"spore:busser":1,"minecraft:skeleton":2,"minecraft:enderman":2},"minecraft:broken":{"minecraft:stone_pickaxe":1},"minecraft:picked_up":{"minecraft:crafting_table":8,"minecraft:andesite":5,"minecraft:leather":4,"minecraft:oak_log":45,"minecraft:dirt":5,"minecraft:apple":2,"minecraft:wheat_seeds":1,"minecraft:beef":4,"minecraft:furnace":1,"minecraft:stick":21,"minecraft:raw_iron":20,"minecraft:gravel":2,"minecraft:white_bed":1,"minecraft:arrow":2,"minecraft:rotten_flesh":4,"minecraft:granite":8,"minecraft:oak_sapling":13,"minecraft:coal":66,"minecraft:cobblestone":153,"minecraft:sunflower":1}},"DataVersion":3465}