{"stats":{"minecraft:crafted":{"minecraft:cherry_planks":132,"minecraft:oak_planks":24,"minecraft:cooked_chicken":9,"minecraft:furnace":1,"minecraft:cooked_mutton":18,"travelersbackpack:white_sleeping_bag":1,"minecraft:iron_boots":1,"minecraft:iron_axe":1,"minecraft:stone_pickaxe":6,"minecraft:cooked_beef":7,"minecraft:cooked_porkchop":15,"minecraft:crafting_table":5,"minecraft:wooden_pickaxe":4,"minecraft:iron_helmet":1,"minecraft:stone_axe":1,"minecraft:air":0,"minecraft:iron_chestplate":1,"minecraft:shield":2,"minecraft:stick":64,"minecraft:iron_ingot":27,"minecraft:iron_pickaxe":1,"minecraft:wooden_axe":5,"minecraft:stone_sword":1,"minecraft:iron_leggings":1,"minecraft:white_bed":3,"minecraft:torch":100},"minecraft:broken":{"minecraft:stone_pickaxe":4,"minecraft:shield":1,"minecraft:stone_axe":1},"minecraft:dropped":{"minecraft:wheat_seeds":9,"minecraft:cooked_porkchop":4,"minecraft:feather":10,"minecraft:cobblestone":281,"minecraft:granite":27,"minecraft:dirt":15,"minecraft:diorite":13,"minecraft:torch":3,"minecraft:wooden_axe":2,"minecraft:sunflower":2,"minecraft:string":4,"minecraft:pink_petals":96,"minecraft:cobbled_deepslate":46,"minecraft:cherry_sapling":17,"minecraft:rotten_flesh":2,"minecraft:oak_planks":7,"minecraft:cooked_mutton":8,"minecraft:white_bed":2,"travelersbackpack:white_sleeping_bag":1,"minecraft:arrow":1,"minecraft:stone_pickaxe":1,"minecraft:wooden_pickaxe":2},"minecraft:killed":{"minecraft:cave_spider":4,"minecraft:skeleton":7,"minecraft:chicken":9,"minecraft:pig":7,"minecraft:creeper":1,"minecraft:sheep":12,"minecraft:zombie":6,"minecraft:cow":4},"minecraft:custom":{"minecraft:mob_kills":51,"minecraft:interact_with_crafting_table":51,"minecraft:open_barrel":1,"minecraft:leave_game":7,"minecraft:time_since_death":12934,"minecraft:sprint_one_cm":261680,"minecraft:walk_one_cm":427858,"minecraft:damage_blocked_by_shield":3210,"minecraft:drop":111,"minecraft:play_time":152886,"minecraft:deaths":10,"minecraft:sneak_time":1974,"minecraft:walk_under_water_one_cm":5597,"tombstone:tomb_raiding":1,"minecraft:jump":2264,"minecraft:walk_on_water_one_cm":19680,"minecraft:total_world_time":152886,"minecraft:interact_with_furnace":66,"minecraft:interact_with_loom":1,"minecraft:sleep_in_bed":3,"minecraft:time_since_rest":10792,"minecraft:damage_taken":3960,"minecraft:damage_absorbed":40,"minecraft:damage_dealt":7250,"minecraft:swim_one_cm":10060,"minecraft:fly_one_cm":140932,"minecraft:player_kills":4,"minecraft:open_chest":13,"minecraft:crouch_one_cm":2157,"tombstone:undead_killed":13,"minecraft:fall_one_cm":33915},"minecraft:mined":{"minecraft:tuff":3,"minecraft:white_bed":2,"minecraft:cherry_log":47,"minecraft:granite":48,"minecraft:grass_block":42,"travelersbackpack:white_sleeping_bag":1,"minecraft:spawner":2,"minecraft:furnace":5,"minecraft:iron_ore":72,"minecraft:cobbled_deepslate":2,"minecraft:andesite":43,"minecraft:deepslate_iron_ore":3,"minecraft:stone":588,"minecraft:crafting_table":19,"minecraft:torch":2,"minecraft:deepslate_coal_ore":6,"minecraft:tall_grass":2,"minecraft:copper_ore":1,"minecraft:cobblestone":17,"minecraft:oak_planks":12,"minecraft:diorite":45,"minecraft:wall_torch":3,"minecraft:pink_petals":30,"minecraft:grass":29,"minecraft:oak_log":6,"minecraft:coal_ore":104,"minecraft:sunflower":2,"minecraft:dirt":30,"minecraft:cobweb":23,"minecraft:smooth_basalt":2,"minecraft:deepslate":69},"minecraft:killed_by":{"minecraft:player":1,"minecraft:enderman":1,"spore:inf_wanderer":1,"minecraft:cave_spider":1,"spore:inf_villager":1,"minecraft:skeleton":4,"minecraft:zombie":1},"minecraft:used":{"minecraft:stone_sword":31,"minecraft:shield":54,"minecraft:cooked_chicken":1,"minecraft:torch":98,"minecraft:dirt":27,"minecraft:granite":15,"minecraft:wooden_axe":64,"minecraft:iron_axe":41,"minecraft:iron_helmet":1,"minecraft:iron_boots":1,"minecraft:furnace":5,"tombstone:gift":4,"minecraft:egg":1,"minecraft:cooked_beef":4,"minecraft:cobbled_deepslate":9,"minecraft:iron_leggings":1,"minecraft:cooked_mutton":5,"minecraft:diorite":21,"minecraft:stone_pickaxe":757,"minecraft:oak_planks":1,"minecraft:wooden_pickaxe":107,"minecraft:cherry_planks":2,"minecraft:golden_apple":1,"minecraft:crafting_table":25,"minecraft:white_bed":2,"minecraft:bread":1,"minecraft:iron_pickaxe":165,"travelersbackpack:white_sleeping_bag":1,"tombstone:magic_scroll":1,"minecraft:stone_axe":132,"minecraft:cobblestone":224,"minecraft:cooked_porkchop":5,"minecraft:bucket":1,"minecraft:andesite":38},"minecraft:picked_up":{"minecraft:wooden_axe":1,"minecraft:crafting_table":19,"minecraft:chicken":9,"minecraft:wooden_pickaxe":2,"minecraft:string":42,"minecraft:raw_copper":4,"minecraft:cobbled_deepslate":82,"minecraft:beef":7,"minecraft:iron_pickaxe":1,"minecraft:egg":2,"minecraft:furnace":6,"minecraft:stick":21,"minecraft:raw_iron":75,"minecraft:oak_fence":2,"minecraft:torch":6,"minecraft:porkchop":15,"tombstone:grave_dust":3,"minecraft:cherry_log":47,"minecraft:diorite":38,"minecraft:rotten_flesh":6,"minecraft:arrow":8,"minecraft:saddle":1,"minecraft:mutton":18,"minecraft:white_wool":12,"minecraft:cobblestone":641,"minecraft:pink_petals":95,"minecraft:feather":18,"minecraft:andesite":39,"minecraft:leather":5,"minecraft:oak_log":6,"minecraft:gunpowder":2,"minecraft:dirt":86,"minecraft:bone":7,"minecraft:bow":1,"minecraft:wheat_seeds":10,"minecraft:cooked_chicken":8,"minecraft:stone_pickaxe":2,"minecraft:iron_ingot":4,"minecraft:oak_planks":11,"minecraft:smooth_basalt":2,"minecraft:cooked_porkchop":3,"minecraft:white_bed":1,"travelersbackpack:white_sleeping_bag":1,"minecraft:granite":61,"minecraft:cherry_sapling":17,"minecraft:golden_apple":1,"minecraft:bread":1,"tombstone:magic_scroll":2,"minecraft:coal":214,"minecraft:sunflower":2}},"DataVersion":3465}