{"stats":{"minecraft:dropped":{"minecraft:wheat_seeds":4},"minecraft:killed_by":{"man:managgresive":1,"sanitydim:sneaking_terror":1,"minecraft:cave_spider":1,"sanitydim:rotting_stalker":1,"minecraft:skeleton":1,"minecraft:creeper":1},"minecraft:used":{"biomesoplenty:spider_egg":4,"minecraft:netherite_sword":15,"man:manfromthefogback_spawn_egg":6,"minecraft:zombie_spawn_egg":3,"securitycraft:suspicious_sand_mine":18,"biomesoplenty:smooth_white_sandstone":2,"minecraft:cobblestone":8,"alexscaves:totem_of_possession":4,"tombstone:gift":3},"minecraft:killed":{"sanitydim:rotting_stalker":1,"man:manfromthefogback":2},"minecraft:picked_up":{"spore:armor_fragment":1,"minecraft:string":1,"minecraft:dirt":1,"securitycraft:suspicious_sand_mine":5,"minecraft:wheat_seeds":4,"spore:mutated_fiber":3,"spore:alveolic_sack":2,"minecraft:cobblestone":8},"minecraft:custom":{"minecraft:time_since_rest":18005,"minecraft:walk_one_cm":57380,"minecraft:sprint_one_cm":61076,"minecraft:damage_taken":2980,"minecraft:mob_kills":3,"minecraft:drop":4,"minecraft:damage_dealt":5304,"minecraft:swim_one_cm":2383,"minecraft:fly_one_cm":817492,"minecraft:open_barrel":1,"minecraft:open_chest":1,"minecraft:crouch_one_cm":2727,"minecraft:play_time":66029,"minecraft:deaths":8,"minecraft:sneak_time":7901,"minecraft:walk_under_water_one_cm":5407,"minecraft:jump":745,"minecraft:leave_game":4,"minecraft:walk_on_water_one_cm":13167,"minecraft:time_since_death":18065,"minecraft:total_world_time":66029,"minecraft:fall_one_cm":15434},"minecraft:mined":{"securitycraft:suspicious_sand_mine":5,"minecraft:grass":2,"minecraft:grass_block":1,"biomesoplenty:spider_egg":1}},"DataVersion":3465}