{"stats":{"minecraft:killed":{"minecraft:cave_spider":4,"spore:braiomil":2,"minecraft:spider":1,"minecraft:skeleton":12,"minecraft:chicken":9,"minecraft:pig":10,"spore:inf_player":6,"minecraft:creeper":1,"minecraft:sheep":25,"spore:inf_villager":1,"minecraft:zombie":14,"spore:inf_human":3,"spore:knight":1,"minecraft:cow":11},"minecraft:custom":{"minecraft:mob_kills":103,"minecraft:interact_with_crafting_table":70,"minecraft:open_barrel":1,"minecraft:leave_game":16,"minecraft:time_since_death":26832,"minecraft:climb_one_cm":194,"minecraft:sprint_one_cm":926658,"minecraft:walk_one_cm":855327,"minecraft:damage_blocked_by_shield":7080,"minecraft:drop":246,"minecraft:talked_to_villager":3,"minecraft:play_time":434124,"minecraft:sneak_time":11379,"minecraft:deaths":24,"minecraft:walk_under_water_one_cm":87100,"tombstone:tomb_raiding":1,"minecraft:jump":6281,"minecraft:walk_on_water_one_cm":94379,"minecraft:total_world_time":434124,"minecraft:interact_with_furnace":94,"minecraft:interact_with_loom":1,"minecraft:sleep_in_bed":14,"minecraft:waystone_activated":4,"minecraft:time_since_rest":26661,"minecraft:open_enderchest":5,"minecraft:damage_taken":10708,"minecraft:damage_absorbed":80,"minecraft:damage_dealt":15704,"tombstone:cast_on_ally":1,"minecraft:player_kills":4,"minecraft:swim_one_cm":228898,"minecraft:fly_one_cm":705296,"minecraft:open_chest":66,"minecraft:crouch_one_cm":10501,"tombstone:undead_killed":26,"minecraft:fall_one_cm":109532,"minecraft:horse_one_cm":847},"minecraft:crafted":{"minecraft:cherry_planks":212,"minecraft:oak_planks":24,"minecraft:cooked_chicken":9,"minecraft:furnace":1,"minecraft:cherry_boat":1,"minecraft:cooked_mutton":35,"travelersbackpack:white_sleeping_bag":1,"minecraft:iron_boots":1,"minecraft:iron_axe":2,"minecraft:stone_pickaxe":6,"minecraft:chest":2,"minecraft:cooked_beef":22,"minecraft:cooked_porkchop":18,"minecraft:crafting_table":6,"minecraft:wooden_pickaxe":4,"minecraft:iron_helmet":2,"minecraft:stone_axe":1,"minecraft:air":0,"minecraft:iron_chestplate":1,"minecraft:shield":3,"minecraft:stick":116,"minecraft:iron_ingot":113,"minecraft:iron_pickaxe":4,"minecraft:wooden_axe":5,"minecraft:stone_sword":1,"minecraft:iron_shovel":1,"minecraft:iron_leggings":1,"minecraft:white_bed":5,"minecraft:torch":168},"minecraft:mined":{"minecraft:dark_oak_planks":1,"minecraft:tuff":7,"minecraft:white_bed":11,"minecraft:cherry_log":68,"minecraft:dark_oak_log":1,"minecraft:granite":49,"minecraft:grass_block":59,"travelersbackpack:white_sleeping_bag":1,"minecraft:kelp":2,"minecraft:chiseled_stone_bricks":1,"minecraft:spawner":2,"minecraft:furnace":8,"minecraft:iron_ore":106,"minecraft:cobbled_deepslate":26,"minecraft:andesite":46,"minecraft:peony":1,"minecraft:deepslate_iron_ore":11,"minecraft:packed_ice":13,"minecraft:stone":952,"minecraft:cherry_planks":3,"minecraft:kelp_plant":1,"minecraft:crafting_table":27,"minecraft:torch":3,"minecraft:emerald_ore":1,"minecraft:chest":1,"minecraft:copper_ore":4,"minecraft:tall_grass":5,"minecraft:deepslate_coal_ore":6,"minecraft:cobblestone":24,"minecraft:oak_planks":12,"minecraft:diorite":80,"minecraft:wall_torch":7,"minecraft:pink_petals":32,"minecraft:seagrass":1,"minecraft:wheat":6,"minecraft:stone_brick_stairs":1,"minecraft:grass":43,"minecraft:oak_log":6,"minecraft:coal_ore":236,"minecraft:gravel":10,"minecraft:dirt":68,"minecraft:sunflower":3,"minecraft:sand":16,"minecraft:cobweb":23,"minecraft:smooth_basalt":6,"minecraft:stone_bricks":1,"minecraft:oak_leaves":11,"spore:remains":1,"minecraft:deepslate":139,"minecraft:infested_stone":2},"minecraft:dropped":{"minecraft:wheat_seeds":11,"minecraft:cooked_porkchop":4,"minecraft:oak_fence":2,"minecraft:feather":10,"minecraft:cobblestone":311,"minecraft:granite":29,"minecraft:coal":35,"minecraft:dirt":59,"minecraft:diorite":19,"minecraft:torch":4,"minecraft:wooden_axe":5,"tombstone:grave_dust":2,"minecraft:sunflower":3,"minecraft:sand":2,"minecraft:string":4,"minecraft:pink_petals":104,"minecraft:bone":17,"minecraft:gravel":4,"minecraft:kelp":1,"minecraft:cobbled_deepslate":115,"minecraft:raw_copper":17,"minecraft:tuff":8,"minecraft:cherry_sapling":17,"minecraft:rotten_flesh":10,"minecraft:oak_planks":17,"spore:mutated_fiber":1,"minecraft:cooked_mutton":8,"minecraft:white_bed":2,"tombstone:scroll_of_unstable_intangibility":1,"minecraft:filled_map":2,"travelersbackpack:white_sleeping_bag":1,"minecraft:spider_eye":1,"minecraft:arrow":1,"minecraft:stone_pickaxe":1,"minecraft:wooden_pickaxe":4,"minecraft:stone_brick_stairs":1},"minecraft:used":{"minecraft:cherry_boat":8,"minecraft:stone_sword":61,"minecraft:iron_shovel":32,"minecraft:chest":3,"minecraft:shield":105,"minecraft:ender_chest":3,"minecraft:cooked_salmon":6,"minecraft:cooked_chicken":9,"minecraft:torch":159,"minecraft:dirt":39,"minecraft:granite":15,"minecraft:wooden_axe":68,"minecraft:iron_axe":249,"minecraft:iron_helmet":2,"minecraft:iron_boots":1,"minecraft:stone_bricks":1,"minecraft:smooth_basalt":6,"minecraft:sweet_berries":3,"minecraft:furnace":9,"tombstone:gift":9,"minecraft:egg":2,"minecraft:cooked_beef":22,"minecraft:cobbled_deepslate":59,"minecraft:iron_leggings":1,"minecraft:wheat_seeds":3,"minecraft:cooked_mutton":16,"minecraft:diorite":50,"minecraft:stone_pickaxe":845,"minecraft:oak_planks":1,"minecraft:wooden_pickaxe":124,"minecraft:cherry_planks":5,"minecraft:golden_apple":2,"minecraft:sand":9,"minecraft:crafting_table":33,"minecraft:white_bed":12,"waystones:waystone":3,"minecraft:apple":3,"minecraft:bread":8,"minecraft:iron_pickaxe":802,"travelersbackpack:white_sleeping_bag":1,"tombstone:magic_scroll":1,"tombstone:grave_key":3,"minecraft:gravel":7,"minecraft:chiseled_stone_bricks":1,"minecraft:stone_axe":132,"minecraft:cobblestone":548,"minecraft:cooked_porkchop":5,"minecraft:andesite":38,"minecraft:bucket":1},"minecraft:picked_up":{"minecraft:wooden_axe":3,"minecraft:crafting_table":28,"spore:mutated_heart":1,"minecraft:wheat":6,"minecraft:chicken":9,"minecraft:lead":4,"minecraft:wooden_pickaxe":3,"minecraft:stone_brick_stairs":1,"minecraft:string":42,"minecraft:raw_copper":26,"minecraft:cherry_boat":7,"minecraft:cobbled_deepslate":171,"tombstone:scroll_of_unstable_intangibility":1,"minecraft:beef":22,"minecraft:iron_pickaxe":1,"minecraft:chest":1,"minecraft:furnace":9,"minecraft:egg":3,"minecraft:stick":23,"minecraft:raw_iron":128,"minecraft:oak_fence":2,"minecraft:torch":10,"minecraft:porkchop":18,"minecraft:cherry_log":67,"tombstone:grave_dust":5,"minecraft:diorite":73,"minecraft:dark_oak_planks":1,"minecraft:arrow":11,"minecraft:rotten_flesh":14,"minecraft:saddle":1,"spore:alveolic_sack":2,"minecraft:mutton":37,"minecraft:white_wool":24,"minecraft:cobblestone":1018,"minecraft:pink_petals":103,"minecraft:feather":18,"minecraft:cherry_planks":3,"minecraft:andesite":39,"minecraft:leather":16,"minecraft:tuff":7,"minecraft:oak_log":6,"minecraft:gunpowder":2,"minecraft:dirt":153,"man:cassette_1safetyinstructions":1,"minecraft:bone":27,"minecraft:stone_bricks":1,"minecraft:kelp":1,"minecraft:bow":2,"minecraft:wheat_seeds":31,"minecraft:iron_ingot":7,"minecraft:stone_pickaxe":2,"minecraft:cooked_chicken":8,"spore:mutated_fiber":17,"minecraft:oak_planks":11,"minecraft:smooth_basalt":6,"spore:cerebrum":1,"minecraft:cooked_porkchop":3,"minecraft:sweet_berries":3,"minecraft:chiseled_stone_bricks":1,"spore:armor_fragment":4,"minecraft:gravel":12,"minecraft:sand":11,"minecraft:white_bed":9,"minecraft:dark_oak_log":1,"minecraft:spider_eye":1,"travelersbackpack:white_sleeping_bag":1,"spore:claw_fragment":2,"waystones:waystone":5,"minecraft:granite":63,"minecraft:cherry_sapling":17,"minecraft:golden_apple":1,"minecraft:bread":1,"tombstone:magic_scroll":2,"minecraft:coal":405,"minecraft:sunflower":3},"minecraft:broken":{"minecraft:iron_boots":1,"minecraft:iron_chestplate":1,"minecraft:iron_leggings":1,"minecraft:stone_pickaxe":5,"minecraft:shield":2,"minecraft:iron_axe":1,"minecraft:stone_axe":1,"minecraft:iron_pickaxe":3,"minecraft:iron_helmet":1},"minecraft:killed_by":{"minecraft:player":1,"spore:busser":2,"minecraft:creeper":2,"spore:inf_human":1,"spore:knight":2,"minecraft:enderman":1,"spore:inf_wanderer":1,"spore:griefer":1,"spore:inf_player":3,"minecraft:cave_spider":1,"spore:inf_villager":1,"minecraft:skeleton":5,"minecraft:zombie":1}},"DataVersion":3465}