{"stats":{"minecraft:dropped":{"minecraft:sunflower":1},"minecraft:mined":{"minecraft:sunflower":1},"minecraft:custom":{"minecraft:jump":14,"minecraft:time_since_rest":1895,"minecraft:crouch_one_cm":268,"minecraft:sprint_one_cm":4221,"minecraft:play_time":1895,"minecraft:damage_taken":225,"minecraft:time_since_death":1895,"minecraft:walk_one_cm":3540,"minecraft:sneak_time":71,"minecraft:total_world_time":1895,"minecraft:drop":1,"minecraft:fall_one_cm":1174,"minecraft:fly_one_cm":2075},"minecraft:picked_up":{"minecraft:sunflower":1}},"DataVersion":3465}