{"stats":{"minecraft:dropped":{"minecraft:wheat_seeds":10,"minecraft:cooked_porkchop":4,"minecraft:oak_fence":2,"minecraft:feather":10,"minecraft:cobblestone":311,"minecraft:granite":29,"minecraft:coal":30,"minecraft:dirt":56,"minecraft:diorite":19,"minecraft:torch":4,"minecraft:wooden_axe":3,"minecraft:sunflower":3,"minecraft:sand":2,"minecraft:string":4,"minecraft:pink_petals":104,"minecraft:bone":17,"minecraft:gravel":4,"minecraft:kelp":1,"minecraft:cobbled_deepslate":108,"minecraft:raw_copper":10,"minecraft:cherry_sapling":17,"minecraft:rotten_flesh":4,"minecraft:oak_planks":17,"spore:mutated_fiber":1,"minecraft:white_bed":2,"minecraft:cooked_mutton":8,"tombstone:scroll_of_unstable_intangibility":1,"minecraft:filled_map":1,"travelersbackpack:white_sleeping_bag":1,"minecraft:spider_eye":1,"minecraft:arrow":1,"minecraft:wooden_pickaxe":4,"minecraft:stone_pickaxe":1},"minecraft:crafted":{"minecraft:cherry_planks":132,"minecraft:oak_planks":24,"minecraft:cooked_chicken":9,"minecraft:furnace":1,"minecraft:cherry_boat":1,"minecraft:cooked_mutton":35,"travelersbackpack:white_sleeping_bag":1,"minecraft:iron_boots":1,"minecraft:iron_axe":2,"minecraft:stone_pickaxe":6,"minecraft:chest":1,"minecraft:cooked_beef":22,"minecraft:cooked_porkchop":18,"minecraft:crafting_table":6,"minecraft:wooden_pickaxe":4,"minecraft:iron_helmet":2,"minecraft:stone_axe":1,"minecraft:air":0,"minecraft:iron_chestplate":1,"minecraft:shield":3,"minecraft:stick":64,"minecraft:iron_ingot":95,"minecraft:iron_pickaxe":2,"minecraft:wooden_axe":5,"minecraft:stone_sword":1,"minecraft:iron_leggings":1,"minecraft:white_bed":5,"minecraft:torch":124},"minecraft:used":{"minecraft:cherry_boat":3,"minecraft:stone_sword":61,"minecraft:chest":2,"minecraft:shield":87,"minecraft:cooked_chicken":9,"minecraft:torch":129,"minecraft:dirt":36,"minecraft:granite":15,"minecraft:wooden_axe":68,"minecraft:iron_axe":156,"minecraft:iron_helmet":2,"minecraft:iron_boots":1,"minecraft:smooth_basalt":6,"minecraft:furnace":7,"tombstone:gift":7,"minecraft:egg":2,"minecraft:cooked_beef":10,"minecraft:cobbled_deepslate":25,"minecraft:iron_leggings":1,"minecraft:cooked_mutton":10,"minecraft:diorite":21,"minecraft:stone_pickaxe":845,"minecraft:oak_planks":1,"minecraft:wooden_pickaxe":124,"minecraft:cherry_planks":2,"minecraft:golden_apple":1,"minecraft:sand":1,"minecraft:crafting_table":31,"minecraft:white_bed":8,"minecraft:bread":7,"minecraft:iron_pickaxe":531,"travelersbackpack:white_sleeping_bag":1,"tombstone:magic_scroll":1,"minecraft:gravel":7,"minecraft:stone_axe":132,"minecraft:cobblestone":438,"minecraft:cooked_porkchop":5,"minecraft:andesite":38,"minecraft:bucket":1},"minecraft:killed":{"minecraft:cave_spider":4,"minecraft:spider":1,"minecraft:skeleton":10,"minecraft:chicken":9,"minecraft:pig":10,"spore:inf_player":4,"minecraft:creeper":1,"minecraft:sheep":23,"minecraft:zombie":6,"minecraft:cow":11},"minecraft:mined":{"minecraft:dark_oak_planks":1,"minecraft:tuff":3,"minecraft:white_bed":8,"minecraft:cherry_log":68,"minecraft:dark_oak_log":1,"minecraft:granite":49,"minecraft:grass_block":53,"travelersbackpack:white_sleeping_bag":1,"minecraft:kelp":2,"minecraft:spawner":2,"minecraft:furnace":7,"minecraft:iron_ore":88,"minecraft:cobbled_deepslate":26,"minecraft:andesite":46,"minecraft:deepslate_iron_ore":11,"minecraft:packed_ice":13,"minecraft:stone":840,"minecraft:cherry_planks":2,"minecraft:kelp_plant":1,"minecraft:crafting_table":26,"minecraft:torch":3,"minecraft:emerald_ore":1,"minecraft:chest":1,"minecraft:tall_grass":5,"minecraft:copper_ore":2,"minecraft:cobblestone":20,"minecraft:deepslate_coal_ore":6,"minecraft:oak_planks":12,"minecraft:diorite":51,"minecraft:wall_torch":5,"minecraft:pink_petals":32,"minecraft:seagrass":1,"minecraft:grass":39,"minecraft:oak_log":6,"minecraft:coal_ore":186,"minecraft:sand":3,"minecraft:sunflower":3,"minecraft:gravel":10,"minecraft:dirt":46,"minecraft:cobweb":23,"minecraft:smooth_basalt":6,"minecraft:oak_leaves":10,"minecraft:deepslate":102,"spore:remains":1,"minecraft:infested_stone":2},"minecraft:custom":{"minecraft:mob_kills":81,"minecraft:interact_with_crafting_table":65,"minecraft:open_barrel":1,"minecraft:leave_game":11,"minecraft:time_since_death":37644,"minecraft:sprint_one_cm":543307,"minecraft:walk_one_cm":670881,"minecraft:damage_blocked_by_shield":5205,"minecraft:drop":219,"minecraft:play_time":297213,"minecraft:sneak_time":4494,"minecraft:deaths":17,"minecraft:walk_under_water_one_cm":60482,"tombstone:tomb_raiding":1,"minecraft:jump":4477,"minecraft:walk_on_water_one_cm":77942,"minecraft:total_world_time":297213,"minecraft:interact_with_furnace":88,"minecraft:interact_with_loom":1,"minecraft:sleep_in_bed":9,"minecraft:time_since_rest":10521,"minecraft:damage_taken":7228,"minecraft:damage_absorbed":40,"minecraft:damage_dealt":11275,"tombstone:cast_on_ally":1,"minecraft:swim_one_cm":181180,"minecraft:fly_one_cm":358227,"minecraft:player_kills":4,"minecraft:open_chest":51,"minecraft:crouch_one_cm":2763,"tombstone:undead_killed":16,"minecraft:fall_one_cm":67953,"minecraft:horse_one_cm":601},"minecraft:killed_by":{"minecraft:player":1,"spore:busser":2,"minecraft:creeper":1,"minecraft:enderman":1,"spore:inf_wanderer":1,"spore:inf_player":2,"minecraft:cave_spider":1,"spore:inf_villager":1,"minecraft:skeleton":4,"minecraft:zombie":1},"minecraft:broken":{"minecraft:stone_pickaxe":5,"minecraft:shield":2,"minecraft:iron_axe":1,"minecraft:stone_axe":1,"minecraft:iron_pickaxe":2,"minecraft:iron_helmet":1},"minecraft:picked_up":{"minecraft:wooden_axe":2,"minecraft:crafting_table":27,"minecraft:chicken":9,"minecraft:wooden_pickaxe":3,"minecraft:string":42,"minecraft:raw_copper":19,"minecraft:cherry_boat":1,"minecraft:cobbled_deepslate":133,"tombstone:scroll_of_unstable_intangibility":1,"minecraft:beef":22,"minecraft:iron_pickaxe":1,"minecraft:chest":1,"minecraft:furnace":8,"minecraft:egg":3,"minecraft:stick":23,"minecraft:raw_iron":110,"minecraft:oak_fence":2,"minecraft:torch":8,"minecraft:porkchop":18,"minecraft:cherry_log":67,"tombstone:grave_dust":3,"minecraft:diorite":44,"minecraft:dark_oak_planks":1,"minecraft:arrow":10,"minecraft:rotten_flesh":8,"minecraft:saddle":1,"spore:alveolic_sack":2,"minecraft:mutton":35,"minecraft:white_wool":23,"minecraft:cobblestone":908,"minecraft:pink_petals":103,"minecraft:feather":18,"minecraft:cherry_planks":2,"minecraft:andesite":39,"minecraft:leather":16,"minecraft:oak_log":6,"minecraft:gunpowder":2,"minecraft:dirt":115,"minecraft:bone":24,"minecraft:kelp":1,"minecraft:bow":2,"minecraft:wheat_seeds":11,"minecraft:stone_pickaxe":2,"minecraft:iron_ingot":7,"minecraft:cooked_chicken":8,"spore:mutated_fiber":3,"minecraft:oak_planks":11,"minecraft:smooth_basalt":6,"minecraft:cooked_porkchop":3,"minecraft:gravel":12,"minecraft:sand":3,"minecraft:white_bed":6,"minecraft:dark_oak_log":1,"minecraft:spider_eye":1,"travelersbackpack:white_sleeping_bag":1,"spore:claw_fragment":2,"minecraft:granite":63,"minecraft:cherry_sapling":17,"minecraft:golden_apple":1,"minecraft:bread":1,"tombstone:magic_scroll":2,"minecraft:coal":355,"minecraft:sunflower":3}},"DataVersion":3465}