{"stats":{"minecraft:dropped":{"tombstone:grave_key":1,"minecraft:wooden_axe":1,"minecraft:rotten_flesh":4,"minecraft:sunflower":1,"minecraft:wooden_pickaxe":1,"minecraft:dandelion":1},"minecraft:crafted":{"minecraft:oak_planks":72,"minecraft:crafting_table":2,"minecraft:stick":12,"minecraft:wooden_pickaxe":2,"minecraft:stone_pickaxe":3,"minecraft:wooden_axe":1,"minecraft:furnace":1,"minecraft:torch":20,"minecraft:stone_axe":2},"minecraft:used":{"minecraft:wooden_axe":46,"minecraft:apple":3,"minecraft:bread":2,"minecraft:stone_pickaxe":159,"minecraft:wooden_pickaxe":37,"minecraft:torch":12,"minecraft:dirt":4,"minecraft:stone_axe":19,"minecraft:crafting_table":6,"tombstone:gift":2},"minecraft:killed":{"minecraft:cow":3},"minecraft:mined":{"minecraft:white_bed":1,"minecraft:crafting_table":6,"minecraft:grass":5,"minecraft:grass_block":3,"minecraft:coal_ore":66,"minecraft:oak_log":42,"minecraft:dirt":2,"minecraft:sunflower":1,"minecraft:tall_grass":3,"minecraft:stone":126,"minecraft:oak_leaves":1},"minecraft:custom":{"minecraft:time_since_rest":10139,"minecraft:sprint_one_cm":77391,"minecraft:damage_taken":760,"minecraft:walk_one_cm":57316,"minecraft:mob_kills":4,"minecraft:drop":7,"minecraft:damage_dealt":648,"minecraft:swim_one_cm":556,"minecraft:interact_with_crafting_table":8,"minecraft:fly_one_cm":42692,"minecraft:open_chest":3,"minecraft:crouch_one_cm":344,"minecraft:play_time":25895,"minecraft:deaths":2,"minecraft:sneak_time":205,"minecraft:walk_under_water_one_cm":1525,"minecraft:jump":388,"minecraft:walk_on_water_one_cm":2171,"minecraft:time_since_death":10883,"minecraft:sleep_in_bed":1,"minecraft:total_world_time":25895,"minecraft:fall_one_cm":9110},"minecraft:killed_by":{"spore:busser":1,"minecraft:skeleton":1},"minecraft:broken":{"minecraft:stone_pickaxe":1},"minecraft:picked_up":{"minecraft:stick":21,"minecraft:crafting_table":6,"minecraft:leather":4,"minecraft:oak_log":42,"minecraft:white_bed":1,"minecraft:dirt":5,"minecraft:arrow":2,"minecraft:rotten_flesh":4,"minecraft:apple":2,"minecraft:wheat_seeds":1,"minecraft:beef":4,"minecraft:oak_sapling":13,"minecraft:coal":66,"minecraft:cobblestone":126,"minecraft:sunflower":1}},"DataVersion":3465}