{"stats":{"minecraft:used":{"minecraft:zombie_spawn_egg":3,"securitycraft:suspicious_sand_mine":15},"minecraft:custom":{"minecraft:open_barrel":1,"minecraft:time_since_rest":22311,"minecraft:crouch_one_cm":471,"minecraft:sprint_one_cm":14196,"minecraft:play_time":22311,"minecraft:damage_taken":205,"minecraft:walk_one_cm":17997,"minecraft:sneak_time":4288,"minecraft:walk_under_water_one_cm":2688,"minecraft:drop":4,"minecraft:jump":212,"minecraft:leave_game":1,"minecraft:walk_on_water_one_cm":7070,"minecraft:time_since_death":22311,"minecraft:total_world_time":22311,"minecraft:swim_one_cm":1837,"minecraft:fall_one_cm":5023,"minecraft:fly_one_cm":438002},"minecraft:mined":{"securitycraft:suspicious_sand_mine":5},"minecraft:dropped":{"minecraft:wheat_seeds":4},"minecraft:picked_up":{"securitycraft:suspicious_sand_mine":5,"minecraft:wheat_seeds":4,"minecraft:cobblestone":8}},"DataVersion":3465}