{"stats":{"minecraft:killed":{"minecraft:sheep":1,"eeeabsmobs:immortal_golem":2,"minecraft:zombie":1,"alexscaves:subterranodon":1,"alexscaves:watcher":1,"minecraft:frog":1,"alexscaves:relicheirus":1,"eeeabsmobs:immortal_knight":2},"minecraft:picked_up":{"eeeabsmobs:guling_eye":17,"minecraft:feather":3,"alexscaves:heavy_bone":1,"minecraft:stone_button":2,"minecraft:string":2,"alexscaves:dinosaur_chop":1,"minecraft:rotten_flesh":2,"alexscaves:dark_tatters":2,"minecraft:mutton":2,"eeeabsmobs:immortal_knight_egg":1,"minecraft:white_wool":1,"minecraft:egg":1},"minecraft:dropped":{"eeeabsmobs:immortal_knight_egg":1},"minecraft:killed_by":{"alexscaves:tremorzilla":1,"minecraft:zombie":1},"minecraft:used":{"eeeabsmobs:immortal_knight_egg":2,"alexscaves:spawn_egg_watcher":1,"eeeabsmobs:remove_mob":2,"eeeabsmobs:immortal_boss_egg":1,"alexscaves:spawn_egg_tremorzilla":1,"alexscaves:desolate_dagger":9,"eeeabsmobs:guardian_core":13,"eeeabsmobs:immortal_axe":43,"eeeabsmobs:tester_egg":1,"alexscaves:spawn_egg_subterranodon":1,"eeeabsmobs:tomb_arrows_trap":2,"eeeabsmobs:immortal_golem_egg":2,"eeeabsmobs:guardian_axe":26,"eeeabsmobs:guling_eye":18},"minecraft:custom":{"minecraft:time_since_rest":8009,"minecraft:sprint_one_cm":30989,"minecraft:damage_taken":870,"minecraft:walk_one_cm":52256,"minecraft:mob_kills":11,"minecraft:drop":1,"minecraft:damage_dealt":5142,"minecraft:swim_one_cm":14804,"minecraft:fly_one_cm":270963,"minecraft:open_barrel":1,"minecraft:open_chest":10,"minecraft:crouch_one_cm":620,"minecraft:interact_with_loom":1,"minecraft:play_time":51766,"minecraft:deaths":4,"minecraft:sneak_time":3621,"minecraft:walk_under_water_one_cm":58193,"minecraft:jump":331,"minecraft:leave_game":1,"minecraft:time_since_death":4135,"minecraft:walk_on_water_one_cm":8231,"minecraft:total_world_time":51766,"minecraft:climb_one_cm":4070,"minecraft:fall_one_cm":3383},"minecraft:mined":{"minecraft:tall_grass":1}},"DataVersion":3465}