{"stats":{"minecraft:killed":{"minecraft:sheep":1,"eeeabsmobs:immortal_golem":2,"minecraft:zombie":1,"alexscaves:subterranodon":1,"minecraft:frog":1,"alexscaves:relicheirus":1,"eeeabsmobs:immortal_knight":2},"minecraft:picked_up":{"eeeabsmobs:guling_eye":17,"minecraft:feather":3,"alexscaves:heavy_bone":1,"alexscaves:dinosaur_chop":1,"minecraft:rotten_flesh":2,"minecraft:mutton":2,"eeeabsmobs:immortal_knight_egg":1,"minecraft:white_wool":1,"minecraft:egg":1},"minecraft:dropped":{"eeeabsmobs:immortal_knight_egg":1},"minecraft:killed_by":{"alexscaves:tremorzilla":1},"minecraft:used":{"eeeabsmobs:immortal_knight_egg":2,"eeeabsmobs:remove_mob":2,"eeeabsmobs:immortal_boss_egg":1,"alexscaves:spawn_egg_tremorzilla":1,"eeeabsmobs:guardian_core":13,"eeeabsmobs:immortal_axe":43,"eeeabsmobs:tester_egg":1,"alexscaves:spawn_egg_subterranodon":1,"eeeabsmobs:immortal_golem_egg":2,"eeeabsmobs:guardian_axe":26,"eeeabsmobs:guling_eye":18},"minecraft:custom":{"minecraft:time_since_rest":772,"minecraft:sprint_one_cm":23855,"minecraft:damage_taken":610,"minecraft:walk_one_cm":39712,"minecraft:mob_kills":9,"minecraft:drop":1,"minecraft:damage_dealt":4822,"minecraft:fly_one_cm":178426,"minecraft:crouch_one_cm":232,"minecraft:play_time":29736,"minecraft:deaths":3,"minecraft:sneak_time":2014,"minecraft:walk_under_water_one_cm":2997,"minecraft:jump":258,"minecraft:time_since_death":678,"minecraft:walk_on_water_one_cm":3845,"minecraft:total_world_time":29736,"minecraft:climb_one_cm":390,"minecraft:fall_one_cm":1838},"minecraft:mined":{"minecraft:tall_grass":1}},"DataVersion":3465}