{"stats":{"minecraft:killed_by":{"minecraft:zombie":1},"minecraft:crafted":{"tombstone:grave_key":2},"minecraft:custom":{"minecraft:time_since_rest":2527,"minecraft:open_chest":9,"tombstone:undead_killed":1,"minecraft:crouch_one_cm":99,"minecraft:deaths":2,"minecraft:sprint_one_cm":24645,"minecraft:play_time":45634,"minecraft:damage_taken":647,"minecraft:walk_one_cm":34644,"minecraft:bell_ring":2,"minecraft:sneak_time":2105,"minecraft:walk_under_water_one_cm":5847,"minecraft:mob_kills":1,"minecraft:drop":2,"minecraft:jump":229,"minecraft:damage_dealt":208,"minecraft:leave_game":2,"minecraft:walk_on_water_one_cm":6049,"minecraft:time_since_death":3444,"minecraft:climb_one_cm":143,"minecraft:total_world_time":45634,"minecraft:interact_with_cartography_table":1,"minecraft:fall_one_cm":6607,"minecraft:fly_one_cm":231240},"minecraft:killed":{"minecraft:zombie":1},"minecraft:used":{"minecraft:dirt":3,"tombstone:gift":4,"eeeabsmobs:immortal_block":3,"tombstone:grave_key":2},"minecraft:mined":{"minecraft:grass":1,"minecraft:dirt":3,"minecraft:tall_grass":2},"minecraft:picked_up":{"minecraft:netherite_ingot":2,"minecraft:rotten_flesh":2,"minecraft:enchanted_golden_apple":1,"minecraft:dirt":3},"minecraft:dropped":{"minecraft:rotten_flesh":2}},"DataVersion":3465}