{"stats":{"minecraft:crafted":{"tombstone:grave_key":1},"minecraft:used":{"minecraft:chest":1,"minecraft:crafting_table":1},"minecraft:custom":{"minecraft:jump":211,"minecraft:time_since_rest":5694,"minecraft:deaths":2,"minecraft:crouch_one_cm":289,"minecraft:leave_game":1,"minecraft:play_time":17763,"minecraft:sprint_one_cm":44712,"minecraft:damage_taken":230,"minecraft:time_since_death":7139,"minecraft:walk_one_cm":14636,"minecraft:sneak_time":311,"minecraft:total_world_time":17763,"minecraft:interact_with_crafting_table":1,"minecraft:fall_one_cm":7774,"minecraft:fly_one_cm":59975}},"DataVersion":3465}