{"stats":{"minecraft:custom":{"minecraft:mob_kills":44,"minecraft:interact_with_crafting_table":50,"minecraft:leave_game":6,"minecraft:time_since_death":49568,"minecraft:climb_one_cm":4459,"minecraft:sprint_one_cm":573072,"minecraft:walk_one_cm":765030,"minecraft:drop":45,"minecraft:play_time":240665,"minecraft:deaths":17,"minecraft:sneak_time":9424,"minecraft:walk_under_water_one_cm":73684,"minecraft:jump":5507,"minecraft:interact_with_blast_furnace":6,"minecraft:walk_on_water_one_cm":88180,"minecraft:total_world_time":240665,"minecraft:interact_with_furnace":64,"tombstone:raider_killed":1,"minecraft:sleep_in_bed":30,"minecraft:time_since_rest":11263,"minecraft:waystone_activated":2,"minecraft:damage_taken":6069,"minecraft:damage_dealt":6194,"minecraft:player_kills":2,"minecraft:swim_one_cm":6686,"minecraft:fly_one_cm":810050,"minecraft:crouch_one_cm":32357,"minecraft:open_chest":53,"tombstone:undead_killed":6,"minecraft:interact_with_smoker":1,"minecraft:fall_one_cm":101512},"minecraft:crafted":{"minecraft:oak_planks":24,"minecraft:coal":9,"minecraft:furnace":4,"minecraft:cooked_mutton":16,"minecraft:stone_pickaxe":4,"minecraft:chest":2,"minecraft:cooked_beef":4,"biomesoplenty:dead_planks":20,"biomesoplenty:fir_boat":1,"minecraft:crafting_table":7,"minecraft:spruce_planks":28,"minecraft:wooden_pickaxe":1,"minecraft:baked_potato":8,"minecraft:stone_axe":9,"minecraft:bread":1,"biomesoplenty:fir_planks":364,"minecraft:iron_chestplate":1,"minecraft:shield":2,"minecraft:stick":40,"minecraft:iron_ingot":15,"minecraft:iron_pickaxe":3,"minecraft:stone_sword":2,"minecraft:gold_ingot":2,"minecraft:white_bed":3,"minecraft:torch":60},"minecraft:mined":{"minecraft:tuff":1,"spore:wall_growths_big":11,"minecraft:white_bed":16,"spore:wall_growths":15,"minecraft:mossy_cobblestone":1,"minecraft:deepslate_diamond_ore":3,"spore:infested_cobblestone":1,"spore:infested_gravel":1,"biomesoplenty:dead_leaves":1,"minecraft:grass_block":5,"minecraft:jungle_planks":16,"spore:fungal_stem":10,"minecraft:oxeye_daisy":2,"spore:growths_small":11,"spore:infested_dirt":7,"spore:rotten_planks":1,"spore:mycelium_veins":32,"minecraft:furnace":4,"biomesoplenty:toadstool":3,"minecraft:iron_ore":12,"spore:blomfung":19,"minecraft:cobbled_deepslate":23,"spore:infested_stone":15,"minecraft:andesite":30,"spore:growth_mycelium":12,"minecraft:potatoes":5,"biomesoplenty:fir_stairs":1,"minecraft:deepslate_iron_ore":2,"minecraft:packed_ice":17,"minecraft:stone":142,"minecraft:deepslate_redstone_ore":6,"spore:growths_big":14,"minecraft:crafting_table":5,"minecraft:torch":1,"minecraft:blast_furnace":2,"minecraft:emerald_ore":1,"minecraft:oak_wood":1,"biomesoplenty:fir_planks":8,"minecraft:poppy":1,"biomesoplenty:high_grass_plant":1,"minecraft:tall_grass":5,"minecraft:cobblestone":28,"minecraft:deepslate_coal_ore":1,"biomesoplenty:sprout":1,"minecraft:deepslate_gold_ore":7,"minecraft:diorite":12,"spore:fungal_stem_sapling":1,"minecraft:cyan_wool":3,"spore:bloomfung2":29,"minecraft:wheat":3,"minecraft:sweet_berry_bush":3,"minecraft:blue_ice":22,"minecraft:spruce_log":7,"biomesoplenty:fir_log":279,"minecraft:grass":56,"biomesoplenty:dead_log":5,"minecraft:oak_log":6,"minecraft:coal_ore":31,"minecraft:mycelium":1,"biomesoplenty:fir_leaves":2,"minecraft:gravel":2,"minecraft:dirt":9,"biomesoplenty:fir_sapling":1,"spore:remains":1,"minecraft:deepslate":44,"minecraft:fern":25,"biomesoplenty:reed":2},"minecraft:dropped":{"biomesoplenty:fir_log":14,"minecraft:wheat_seeds":14,"minecraft:diamond":1,"minecraft:feather":2,"minecraft:leather":5,"biomesoplenty:fir_sapling":23,"minecraft:torch":11,"tombstone:grave_key":1,"spore:infested_stone":6,"minecraft:iron_pickaxe":1,"minecraft:string":2,"minecraft:bucket":1,"minecraft:stone_axe":2,"spore:ice_canister":2,"minecraft:stone_sword":1,"minecraft:cobbled_deepslate":3,"minecraft:rotten_flesh":6,"minecraft:oak_planks":2,"spore:cerebrum":1,"spore:mutated_fiber":2,"minecraft:filled_map":1,"biomesoplenty:dead_sapling":4,"minecraft:spider_eye":1,"minecraft:warped_button":2,"minecraft:arrow":1,"minecraft:stone_pickaxe":2,"minecraft:wooden_pickaxe":1,"spore:armor_fragment":3},"minecraft:broken":{"minecraft:stone_pickaxe":1,"minecraft:stone_axe":2},"minecraft:picked_up":{"minecraft:crafting_table":5,"spore:mutated_heart":1,"minecraft:wheat":3,"minecraft:chicken":6,"spore:infested_dirt":10,"tombstone:grave_key":1,"minecraft:string":3,"biomesoplenty:fir_door":1,"biomesoplenty:dead_sapling":4,"minecraft:cobbled_deepslate":150,"spore:ice_canister":1,"minecraft:bucket":1,"biomesoplenty:fir_planks":8,"minecraft:spruce_planks":3,"minecraft:beef":8,"minecraft:cyan_wool":2,"minecraft:coal_block":1,"minecraft:furnace":5,"minecraft:egg":3,"spore:tumor":2,"minecraft:stick":28,"minecraft:raw_iron":12,"minecraft:torch":15,"minecraft:porkchop":5,"minecraft:diorite":17,"minecraft:warped_button":2,"minecraft:redstone":23,"spore:infested_gravel":1,"minecraft:stone_sword":1,"minecraft:arrow":1,"minecraft:rotten_flesh":8,"minecraft:mutton":16,"minecraft:snowball":8,"minecraft:white_wool":10,"minecraft:cobblestone":174,"minecraft:oxeye_daisy":1,"minecraft:feather":3,"minecraft:andesite":30,"spore:infested_stone":18,"minecraft:leather":7,"biomesoplenty:fir_sapling":45,"minecraft:potato":18,"biomesoplenty:dead_log":5,"minecraft:filled_map":1,"biomesoplenty:fir_log":225,"minecraft:flint":5,"minecraft:tuff":2,"minecraft:oak_log":6,"minecraft:gunpowder":2,"biomesoplenty:fir_stairs":1,"minecraft:dirt":20,"minecraft:white_banner":1,"minecraft:bone":1,"minecraft:bow":1,"minecraft:wheat_seeds":16,"minecraft:raw_gold":7,"minecraft:iron_ingot":1,"minecraft:stone_pickaxe":1,"spore:mutated_fiber":6,"minecraft:iron_sword":1,"biomesoplenty:toadstool":3,"spore:cerebrum":1,"minecraft:sweet_berries":7,"spore:armor_fragment":3,"minecraft:gravel":1,"minecraft:jungle_planks":9,"minecraft:blast_furnace":2,"minecraft:white_bed":16,"minecraft:spruce_log":7,"minecraft:spider_eye":1,"minecraft:mossy_cobblestone":2,"spore:claw_fragment":4,"minecraft:oak_wood":1,"minecraft:diamond":3,"minecraft:stone_axe":1,"minecraft:chainmail_leggings":1,"minecraft:emerald":1,"minecraft:baked_potato":1,"minecraft:coal":32,"minecraft:ender_pearl":1},"minecraft:killed":{"minecraft:cave_spider":1,"minecraft:witch":1,"minecraft:spider":2,"minecraft:skeleton":1,"spore:griefer":1,"minecraft:chicken":6,"minecraft:pig":2,"spore:inf_drowned":1,"minecraft:creeper":1,"spore:inf_pillager":2,"minecraft:sheep":5,"minecraft:goat":1,"minecraft:zombie":5,"spore:inf_human":7,"spore:busser":1,"minecraft:cow":4},"minecraft:used":{"minecraft:chest":2,"minecraft:spruce_planks":3,"minecraft:iron_sword":70,"minecraft:rotten_flesh":2,"minecraft:iron_chestplate":1,"minecraft:torch":28,"minecraft:dirt":19,"minecraft:jungle_planks":7,"minecraft:tuff":1,"minecraft:cyan_wool":2,"minecraft:lava_bucket":3,"spore:infested_stone":12,"biomesoplenty:fir_sapling":15,"minecraft:sweet_berries":10,"minecraft:furnace":8,"tombstone:gift":3,"minecraft:egg":2,"minecraft:cooked_beef":4,"minecraft:cobbled_deepslate":208,"minecraft:cooked_mutton":9,"minecraft:diorite":17,"minecraft:baked_potato":11,"minecraft:stone_pickaxe":179,"minecraft:snow_block":30,"minecraft:oak_planks":4,"minecraft:wooden_pickaxe":10,"biomesoplenty:fir_planks":81,"biomesoplenty:fir_boat":1,"minecraft:mossy_cobblestone":2,"minecraft:crafting_table":12,"minecraft:blast_furnace":1,"minecraft:white_bed":17,"minecraft:oak_log":1,"spore:infested_gravel":1,"minecraft:bread":3,"minecraft:iron_pickaxe":310,"biomesoplenty:fir_stairs":1,"biomesoplenty:toadstool":3,"minecraft:gravel":10,"minecraft:stone_axe":563,"biomesoplenty:fir_door":2,"minecraft:cobblestone":262,"minecraft:cooked_porkchop":10,"minecraft:andesite":30,"minecraft:bucket":3,"biomesoplenty:fir_log":4,"minecraft:chainmail_leggings":1},"minecraft:killed_by":{"minecraft:player":2,"spore:busser":3,"minecraft:pillager":2,"sanitydim:rotting_stalker":1,"spore:sieger":1,"man:managgresive":1,"sanitydim:sneaking_terror":1,"spore:braiomil":1}},"DataVersion":3465}