{"stats":{"minecraft:crafted":{"minecraft:cherry_planks":524,"minecraft:cooked_chicken":1,"minecraft:furnace":5,"minecraft:iron_boots":1,"minecraft:iron_axe":1,"minecraft:stone_pickaxe":4,"minecraft:chest":2,"minecraft:cooked_cod":1,"minecraft:cooked_porkchop":1,"minecraft:crafting_table":8,"minecraft:wooden_pickaxe":2,"minecraft:iron_helmet":1,"minecraft:bucket":1,"minecraft:stone_axe":3,"minecraft:bread":4,"minecraft:iron_chestplate":1,"minecraft:charcoal":9,"minecraft:shield":1,"minecraft:stick":52,"minecraft:iron_ingot":34,"minecraft:iron_pickaxe":1,"minecraft:wooden_axe":3,"minecraft:stone_sword":1,"minecraft:iron_leggings":1,"minecraft:torch":76},"minecraft:broken":{"minecraft:stone_pickaxe":2,"minecraft:stone_axe":2,"minecraft:wooden_axe":1,"minecraft:bow":1},"minecraft:dropped":{"minecraft:iron_ingot":5,"minecraft:wheat_seeds":1,"minecraft:feather":3,"minecraft:cobblestone":22,"minecraft:coal":35,"minecraft:cod":2,"minecraft:stick":12,"minecraft:diorite":12,"tombstone:grave_key":1,"minecraft:cherry_planks":70,"tombstone:grave_dust":7,"minecraft:iron_pickaxe":1,"minecraft:pink_petals":4,"minecraft:bone":2,"minecraft:furnace":1,"minecraft:stone_axe":1,"minecraft:raw_copper":5,"minecraft:cherry_sapling":29,"minecraft:chicken":2,"minecraft:rotten_flesh":6,"minecraft:oak_planks":1,"spore:mutated_fiber":7,"minecraft:white_bed":1,"minecraft:andesite":2,"minecraft:spider_eye":5,"minecraft:bow":1,"minecraft:stone_pickaxe":2},"minecraft:killed":{"minecraft:cave_spider":5,"spore:braiomil":1,"minecraft:spider":2,"minecraft:skeleton":2,"minecraft:chicken":1,"minecraft:pig":1,"spore:inf_player":2,"spore:scamper":1,"minecraft:creeper":1,"spore:inf_pillager":3,"spore:inf_villager":2,"minecraft:goat":1,"spore:inf_human":1,"minecraft:zombie":15},"minecraft:custom":{"minecraft:mob_kills":39,"minecraft:interact_with_crafting_table":40,"minecraft:open_barrel":2,"minecraft:leave_game":2,"minecraft:time_since_death":4151,"minecraft:sprint_one_cm":191453,"minecraft:walk_one_cm":626786,"minecraft:damage_blocked_by_shield":390,"minecraft:drop":106,"minecraft:play_time":200383,"minecraft:deaths":26,"minecraft:sneak_time":7937,"minecraft:walk_under_water_one_cm":4961,"tombstone:tomb_raiding":1,"minecraft:jump":3078,"minecraft:interact_with_blast_furnace":1,"minecraft:walk_on_water_one_cm":13426,"minecraft:total_world_time":200383,"minecraft:interact_with_furnace":49,"minecraft:interact_with_loom":1,"minecraft:sleep_in_bed":9,"minecraft:time_since_rest":3041,"minecraft:damage_taken":8444,"minecraft:damage_absorbed":40,"minecraft:damage_dealt":7484,"minecraft:player_kills":5,"minecraft:fly_one_cm":161157,"minecraft:open_chest":25,"minecraft:crouch_one_cm":27708,"tombstone:undead_killed":17,"minecraft:fall_one_cm":49477},"minecraft:mined":{"minecraft:tuff":8,"minecraft:white_bed":10,"minecraft:deepslate_diamond_ore":2,"minecraft:sculk_vein":2,"minecraft:cherry_log":156,"minecraft:granite":2,"minecraft:grass_block":14,"spore:acid":1,"minecraft:spawner":3,"minecraft:sculk_catalyst":1,"minecraft:furnace":1,"minecraft:iron_ore":29,"minecraft:cobbled_deepslate":4,"minecraft:andesite":5,"minecraft:deepslate_lapis_ore":2,"minecraft:cave_vines":4,"minecraft:deepslate_iron_ore":9,"minecraft:rail":2,"minecraft:small_amethyst_bud":1,"minecraft:stone":218,"minecraft:deepslate_redstone_ore":2,"spore:growths_big":1,"minecraft:oak_fence":6,"minecraft:crafting_table":5,"minecraft:torch":2,"minecraft:calcite":3,"minecraft:sculk_sensor":1,"minecraft:tall_grass":1,"minecraft:copper_ore":2,"minecraft:cobblestone":33,"minecraft:lapis_ore":3,"minecraft:deepslate_gold_ore":7,"minecraft:oak_planks":2,"minecraft:sculk":18,"minecraft:diorite":10,"minecraft:wall_torch":7,"minecraft:amethyst_block":1,"minecraft:pink_petals":3,"minecraft:ice":1,"minecraft:grass":3,"minecraft:coal_ore":19,"minecraft:gravel":10,"minecraft:dirt":11,"minecraft:cobweb":51,"minecraft:gold_ore":3,"spore:remains":2,"minecraft:deepslate":80},"minecraft:killed_by":{"minecraft:player":2,"spore:knight":1,"spore:inf_human":5,"spore:inf_pillager":4,"spore:spitter":1,"spore:inf_player":8,"spore:inf_villager":2,"minecraft:cave_spider":1,"minecraft:skeleton":1},"minecraft:used":{"minecraft:cherry_sapling":12,"minecraft:stone_sword":69,"minecraft:chest":2,"minecraft:shield":7,"minecraft:cooked_chicken":2,"minecraft:rotten_flesh":22,"minecraft:torch":124,"minecraft:dirt":22,"minecraft:wooden_axe":130,"minecraft:lava_bucket":2,"minecraft:iron_axe":35,"minecraft:iron_helmet":1,"minecraft:bow":7,"minecraft:furnace":5,"minecraft:cooked_cod":1,"tombstone:gift":3,"minecraft:egg":1,"minecraft:cobbled_deepslate":30,"minecraft:iron_leggings":1,"minecraft:calcite":3,"minecraft:cooked_mutton":3,"minecraft:stone_pickaxe":336,"minecraft:oak_planks":3,"minecraft:wooden_pickaxe":20,"minecraft:cherry_planks":10,"minecraft:golden_apple":1,"minecraft:glow_berries":33,"minecraft:crafting_table":13,"minecraft:white_bed":12,"minecraft:cod":2,"minecraft:bread":8,"minecraft:iron_pickaxe":124,"minecraft:gravel":4,"minecraft:stone_axe":165,"minecraft:cobblestone":140,"minecraft:cooked_porkchop":1,"minecraft:bucket":3,"minecraft:andesite":5},"minecraft:picked_up":{"minecraft:wooden_axe":1,"minecraft:crafting_table":5,"minecraft:chicken":1,"minecraft:wooden_pickaxe":2,"minecraft:string":58,"minecraft:raw_copper":22,"minecraft:cobbled_deepslate":91,"minecraft:calcite":3,"minecraft:furnace":1,"minecraft:egg":1,"minecraft:stick":33,"minecraft:raw_iron":35,"minecraft:oak_fence":5,"minecraft:torch":12,"minecraft:porkchop":1,"minecraft:cherry_log":149,"tombstone:grave_dust":5,"minecraft:diorite":16,"minecraft:redstone":8,"minecraft:stone_sword":1,"minecraft:arrow":9,"minecraft:rotten_flesh":19,"minecraft:glow_berries":6,"minecraft:cod":2,"minecraft:rail":2,"minecraft:cobblestone":250,"minecraft:pink_petals":12,"minecraft:feather":2,"minecraft:andesite":5,"minecraft:flint":3,"minecraft:tuff":8,"minecraft:lapis_lazuli":26,"minecraft:dirt":24,"minecraft:leather_boots":1,"minecraft:cooked_mutton":3,"minecraft:bone":5,"minecraft:bow":2,"minecraft:wheat_seeds":3,"minecraft:raw_gold":9,"minecraft:stone_pickaxe":1,"minecraft:iron_ingot":2,"spore:mutated_fiber":22,"minecraft:cooked_chicken":1,"minecraft:oak_planks":12,"spore:cerebrum":1,"minecraft:gravel":12,"minecraft:white_bed":12,"minecraft:spider_eye":5,"minecraft:diamond":2,"minecraft:cherry_sapling":62,"spore:spine_fragment":1,"minecraft:coal":34,"minecraft:sunflower":2}},"DataVersion":3465}