{"stats":{"minecraft:crafted":{"minecraft:cherry_planks":252,"minecraft:cooked_cod":1,"minecraft:cooked_porkchop":1,"minecraft:crafting_table":4,"minecraft:wooden_pickaxe":1,"minecraft:cooked_chicken":1,"minecraft:furnace":2,"minecraft:stone_axe":2,"minecraft:charcoal":9,"minecraft:shield":1,"minecraft:stick":24,"minecraft:iron_ingot":3,"minecraft:stone_pickaxe":3,"minecraft:wooden_axe":1,"minecraft:stone_sword":1,"minecraft:chest":2,"minecraft:torch":48},"minecraft:broken":{"minecraft:stone_pickaxe":1,"minecraft:stone_axe":1},"minecraft:dropped":{"minecraft:iron_ingot":3,"minecraft:furnace":1,"minecraft:stone_axe":1,"minecraft:raw_copper":5,"minecraft:cherry_sapling":12,"minecraft:chicken":2,"minecraft:cobblestone":14,"minecraft:rotten_flesh":1,"minecraft:white_bed":1,"minecraft:coal":35,"minecraft:cod":2,"minecraft:stick":12,"tombstone:grave_dust":1,"minecraft:stone_pickaxe":2,"minecraft:iron_pickaxe":1,"minecraft:pink_petals":2,"minecraft:bone":2},"minecraft:killed":{"minecraft:cave_spider":1,"minecraft:pig":1,"minecraft:spider":1,"spore:inf_pillager":1,"minecraft:skeleton":1,"minecraft:goat":1,"minecraft:zombie":5,"minecraft:chicken":1},"minecraft:mined":{"minecraft:white_bed":1,"minecraft:cherry_log":84,"minecraft:torch":1,"minecraft:granite":2,"minecraft:crafting_table":1,"minecraft:grass_block":14,"minecraft:copper_ore":2,"minecraft:cobblestone":18,"minecraft:lapis_ore":2,"minecraft:wall_torch":2,"minecraft:pink_petals":2,"minecraft:iron_ore":8,"minecraft:ice":1,"minecraft:grass":1,"minecraft:cave_vines":1,"minecraft:coal_ore":16,"minecraft:rail":2,"minecraft:gravel":3,"minecraft:dirt":11,"minecraft:stone":164},"minecraft:custom":{"minecraft:interact_with_furnace":22,"minecraft:mob_kills":13,"minecraft:interact_with_crafting_table":19,"minecraft:time_since_death":402,"minecraft:sleep_in_bed":1,"minecraft:time_since_rest":1,"minecraft:sprint_one_cm":92095,"minecraft:damage_taken":1115,"minecraft:walk_one_cm":229887,"minecraft:drop":58,"minecraft:damage_dealt":2549,"minecraft:fly_one_cm":106042,"minecraft:player_kills":1,"minecraft:open_chest":8,"minecraft:crouch_one_cm":6430,"minecraft:play_time":80587,"tombstone:undead_killed":6,"minecraft:deaths":3,"minecraft:sneak_time":2259,"minecraft:walk_under_water_one_cm":1311,"tombstone:tomb_raiding":1,"minecraft:jump":1452,"minecraft:walk_on_water_one_cm":2207,"minecraft:total_world_time":80587,"minecraft:fall_one_cm":29484},"minecraft:killed_by":{"spore:inf_player":1,"minecraft:cave_spider":1,"minecraft:skeleton":1},"minecraft:used":{"minecraft:cherry_sapling":12,"minecraft:stone_pickaxe":206,"minecraft:chest":2,"minecraft:wooden_pickaxe":16,"minecraft:cooked_chicken":1,"minecraft:rotten_flesh":7,"minecraft:torch":38,"minecraft:glow_berries":7,"minecraft:dirt":22,"minecraft:crafting_table":6,"minecraft:white_bed":1,"minecraft:cod":2,"minecraft:wooden_axe":55,"minecraft:stone_axe":92,"minecraft:cobblestone":54,"minecraft:cooked_porkchop":1,"minecraft:furnace":2,"minecraft:cooked_cod":1,"tombstone:gift":1,"minecraft:egg":1},"minecraft:picked_up":{"minecraft:wooden_axe":1,"minecraft:pink_petals":6,"minecraft:crafting_table":1,"minecraft:feather":2,"minecraft:chicken":1,"minecraft:wooden_pickaxe":1,"minecraft:flint":1,"minecraft:lapis_lazuli":13,"minecraft:dirt":24,"minecraft:raw_copper":14,"minecraft:bone":4,"minecraft:bow":1,"minecraft:wheat_seeds":2,"spore:mutated_fiber":7,"minecraft:egg":1,"minecraft:raw_iron":8,"minecraft:stick":25,"minecraft:torch":6,"minecraft:gravel":1,"minecraft:porkchop":1,"minecraft:cherry_log":81,"minecraft:white_bed":2,"minecraft:spider_eye":1,"minecraft:arrow":7,"minecraft:rotten_flesh":8,"minecraft:cherry_sapling":49,"minecraft:glow_berries":6,"minecraft:coal":15,"minecraft:cod":2,"minecraft:rail":2,"minecraft:cobblestone":190,"minecraft:sunflower":2}},"DataVersion":3465}