{"stats":{"minecraft:picked_up":{"minecraft:crafting_table":4,"minecraft:feather":1,"minecraft:chicken":3,"minecraft:andesite":1,"minecraft:leather":2,"biomesoplenty:dead_log":5,"biomesoplenty:fir_log":6,"minecraft:flint":1,"minecraft:oak_log":5,"minecraft:bone":1,"biomesoplenty:dead_sapling":4,"spore:ice_canister":1,"minecraft:beef":5,"minecraft:coal_block":1,"minecraft:furnace":2,"minecraft:raw_iron":6,"minecraft:stick":4,"minecraft:gravel":1,"minecraft:white_bed":8,"minecraft:blast_furnace":1,"minecraft:warped_button":2,"minecraft:spruce_log":7,"minecraft:mossy_cobblestone":1,"minecraft:spider_eye":1,"minecraft:mutton":6,"minecraft:snowball":8,"minecraft:coal":16,"minecraft:white_wool":3,"minecraft:cobblestone":52},"minecraft:killed":{"spore:inf_drowned":1,"minecraft:sheep":3,"minecraft:skeleton":1,"minecraft:chicken":3,"minecraft:cow":2},"minecraft:crafted":{"minecraft:cooked_beef":4,"biomesoplenty:dead_planks":20,"minecraft:oak_planks":20,"minecraft:coal":9,"minecraft:crafting_table":3,"minecraft:wooden_pickaxe":1,"minecraft:furnace":1,"minecraft:stone_axe":1,"minecraft:shield":1,"minecraft:stick":8,"minecraft:iron_ingot":6,"minecraft:iron_pickaxe":1,"minecraft:stone_pickaxe":1,"minecraft:white_bed":1,"minecraft:torch":16},"minecraft:mined":{"minecraft:white_bed":8,"minecraft:mossy_cobblestone":1,"minecraft:crafting_table":4,"biomesoplenty:dead_leaves":1,"minecraft:blast_furnace":1,"minecraft:deepslate_coal_ore":1,"minecraft:furnace":2,"minecraft:iron_ore":6,"minecraft:blue_ice":22,"minecraft:spruce_log":7,"minecraft:andesite":1,"biomesoplenty:fir_log":6,"minecraft:grass":3,"biomesoplenty:dead_log":5,"minecraft:oak_log":5,"minecraft:coal_ore":15,"minecraft:gravel":2,"minecraft:packed_ice":6,"minecraft:stone":52,"minecraft:fern":1},"minecraft:dropped":{"spore:ice_canister":1,"minecraft:warped_button":1,"minecraft:spider_eye":1},"minecraft:custom":{"minecraft:interact_with_furnace":21,"minecraft:mob_kills":12,"minecraft:interact_with_crafting_table":11,"minecraft:leave_game":2,"minecraft:time_since_death":1797,"minecraft:sleep_in_bed":9,"minecraft:climb_one_cm":3681,"minecraft:time_since_rest":1671,"minecraft:sprint_one_cm":68621,"minecraft:damage_taken":1387,"minecraft:walk_one_cm":112557,"minecraft:drop":3,"minecraft:damage_dealt":1306,"minecraft:swim_one_cm":2417,"minecraft:fly_one_cm":130275,"minecraft:open_chest":8,"minecraft:crouch_one_cm":1554,"minecraft:play_time":42890,"tombstone:undead_killed":1,"minecraft:deaths":5,"minecraft:sneak_time":366,"minecraft:walk_under_water_one_cm":42570,"minecraft:jump":821,"minecraft:interact_with_blast_furnace":2,"minecraft:walk_on_water_one_cm":48903,"minecraft:total_world_time":42890,"minecraft:fall_one_cm":13078},"minecraft:used":{"minecraft:snow_block":30,"minecraft:stone_pickaxe":46,"minecraft:wooden_pickaxe":3,"minecraft:torch":3,"minecraft:mossy_cobblestone":1,"minecraft:crafting_table":6,"minecraft:white_bed":8,"minecraft:iron_pickaxe":53,"minecraft:gravel":1,"minecraft:stone_axe":61,"minecraft:cobblestone":34,"minecraft:furnace":2,"minecraft:andesite":1,"tombstone:gift":1,"minecraft:cooked_beef":3},"minecraft:killed_by":{"man:managgresive":1,"sanitydim:sneaking_terror":1,"spore:busser":1,"sanitydim:rotting_stalker":1}},"DataVersion":3465}