{"stats":{"minecraft:crafted":{"minecraft:cherry_planks":252,"minecraft:cooked_cod":1,"minecraft:cooked_porkchop":1,"minecraft:crafting_table":4,"minecraft:wooden_pickaxe":1,"minecraft:cooked_chicken":1,"minecraft:furnace":3,"minecraft:stone_axe":2,"minecraft:iron_chestplate":1,"minecraft:charcoal":9,"minecraft:shield":1,"minecraft:stick":24,"minecraft:iron_ingot":9,"minecraft:stone_pickaxe":3,"minecraft:wooden_axe":1,"minecraft:stone_sword":1,"minecraft:chest":2,"minecraft:torch":48},"minecraft:broken":{"minecraft:stone_pickaxe":1,"minecraft:stone_axe":1},"minecraft:dropped":{"minecraft:iron_ingot":3,"minecraft:furnace":1,"minecraft:stone_axe":1,"minecraft:raw_copper":5,"minecraft:cherry_sapling":12,"minecraft:chicken":2,"minecraft:cobblestone":14,"minecraft:rotten_flesh":1,"minecraft:white_bed":1,"minecraft:coal":35,"minecraft:cod":2,"minecraft:stick":12,"tombstone:grave_dust":1,"minecraft:stone_pickaxe":2,"minecraft:iron_pickaxe":1,"minecraft:pink_petals":2,"minecraft:bone":2},"minecraft:killed":{"minecraft:cave_spider":3,"minecraft:pig":1,"minecraft:spider":1,"spore:inf_pillager":1,"minecraft:skeleton":1,"minecraft:goat":1,"minecraft:zombie":5,"minecraft:chicken":1},"minecraft:mined":{"minecraft:white_bed":1,"minecraft:cherry_log":84,"minecraft:torch":1,"minecraft:granite":2,"minecraft:crafting_table":1,"minecraft:grass_block":14,"minecraft:copper_ore":2,"minecraft:cobblestone":21,"minecraft:lapis_ore":2,"minecraft:diorite":3,"minecraft:wall_torch":2,"minecraft:pink_petals":2,"minecraft:cobbled_deepslate":1,"minecraft:iron_ore":14,"minecraft:ice":1,"minecraft:grass":1,"minecraft:cave_vines":2,"minecraft:coal_ore":16,"minecraft:deepslate_iron_ore":2,"minecraft:rail":2,"minecraft:gravel":3,"minecraft:dirt":11,"minecraft:stone":166},"minecraft:custom":{"minecraft:interact_with_furnace":30,"minecraft:mob_kills":15,"minecraft:interact_with_crafting_table":21,"minecraft:time_since_death":2986,"minecraft:sleep_in_bed":2,"minecraft:time_since_rest":2851,"minecraft:sprint_one_cm":100276,"minecraft:damage_taken":1499,"minecraft:walk_one_cm":263690,"minecraft:drop":58,"minecraft:damage_dealt":2853,"minecraft:fly_one_cm":123678,"minecraft:player_kills":2,"minecraft:open_chest":8,"minecraft:crouch_one_cm":6994,"minecraft:play_time":92587,"tombstone:undead_killed":6,"minecraft:deaths":4,"minecraft:sneak_time":2522,"minecraft:walk_under_water_one_cm":1311,"tombstone:tomb_raiding":1,"minecraft:jump":1578,"minecraft:walk_on_water_one_cm":2207,"minecraft:total_world_time":92587,"minecraft:fall_one_cm":30291},"minecraft:killed_by":{"spore:inf_player":1,"minecraft:player":1,"minecraft:cave_spider":1,"minecraft:skeleton":1},"minecraft:used":{"minecraft:cherry_sapling":12,"minecraft:stone_sword":2,"minecraft:stone_pickaxe":227,"minecraft:chest":2,"minecraft:wooden_pickaxe":16,"minecraft:cooked_chicken":2,"minecraft:rotten_flesh":7,"minecraft:torch":38,"minecraft:glow_berries":13,"minecraft:dirt":22,"minecraft:crafting_table":6,"minecraft:white_bed":2,"minecraft:cod":2,"minecraft:wooden_axe":55,"minecraft:stone_axe":98,"minecraft:cobblestone":68,"minecraft:cooked_porkchop":1,"minecraft:furnace":3,"minecraft:cooked_cod":1,"minecraft:andesite":2,"tombstone:gift":1,"minecraft:egg":1,"minecraft:cobbled_deepslate":2},"minecraft:picked_up":{"minecraft:wooden_axe":1,"minecraft:pink_petals":6,"minecraft:crafting_table":1,"minecraft:feather":2,"minecraft:chicken":1,"minecraft:wooden_pickaxe":1,"minecraft:flint":1,"minecraft:string":8,"minecraft:lapis_lazuli":13,"minecraft:dirt":24,"minecraft:raw_copper":14,"minecraft:bone":4,"minecraft:bow":1,"minecraft:wheat_seeds":2,"minecraft:cobbled_deepslate":3,"minecraft:cooked_chicken":1,"spore:mutated_fiber":7,"minecraft:egg":1,"minecraft:raw_iron":14,"minecraft:stick":25,"minecraft:torch":6,"minecraft:gravel":1,"minecraft:porkchop":1,"minecraft:cherry_log":81,"minecraft:diorite":4,"minecraft:white_bed":2,"minecraft:spider_eye":3,"minecraft:arrow":7,"minecraft:rotten_flesh":8,"minecraft:cherry_sapling":49,"minecraft:glow_berries":6,"minecraft:coal":15,"minecraft:cod":2,"minecraft:rail":2,"minecraft:cobblestone":195,"minecraft:sunflower":2}},"DataVersion":3465}