{"stats":{"minecraft:custom":{"minecraft:mob_kills":40,"minecraft:interact_with_crafting_table":45,"minecraft:leave_game":4,"minecraft:time_since_death":18962,"minecraft:climb_one_cm":3681,"minecraft:sprint_one_cm":444785,"minecraft:walk_one_cm":666258,"minecraft:drop":40,"minecraft:play_time":210059,"minecraft:deaths":17,"minecraft:sneak_time":8076,"minecraft:walk_under_water_one_cm":71207,"minecraft:jump":4581,"minecraft:interact_with_blast_furnace":6,"minecraft:walk_on_water_one_cm":67971,"minecraft:total_world_time":210059,"minecraft:interact_with_furnace":49,"tombstone:raider_killed":1,"minecraft:sleep_in_bed":25,"minecraft:waystone_activated":1,"minecraft:time_since_rest":8989,"minecraft:damage_taken":5896,"minecraft:damage_dealt":5568,"minecraft:swim_one_cm":6686,"minecraft:fly_one_cm":620162,"minecraft:player_kills":1,"minecraft:open_chest":48,"minecraft:crouch_one_cm":25486,"tombstone:undead_killed":5,"minecraft:fall_one_cm":78047},"minecraft:crafted":{"minecraft:oak_planks":20,"minecraft:coal":9,"minecraft:furnace":4,"minecraft:cooked_mutton":6,"minecraft:stone_pickaxe":4,"minecraft:chest":2,"minecraft:cooked_beef":4,"biomesoplenty:dead_planks":20,"minecraft:crafting_table":7,"minecraft:spruce_planks":28,"minecraft:wooden_pickaxe":1,"minecraft:baked_potato":8,"minecraft:stone_axe":7,"minecraft:bread":1,"biomesoplenty:fir_planks":364,"minecraft:iron_chestplate":1,"minecraft:shield":2,"minecraft:stick":36,"minecraft:iron_pickaxe":3,"minecraft:iron_ingot":15,"minecraft:stone_sword":2,"minecraft:gold_ingot":2,"minecraft:white_bed":2,"minecraft:torch":60},"minecraft:mined":{"minecraft:tuff":1,"spore:wall_growths_big":8,"minecraft:white_bed":13,"spore:wall_growths":9,"minecraft:mossy_cobblestone":1,"minecraft:deepslate_diamond_ore":3,"spore:infested_cobblestone":1,"spore:infested_gravel":1,"biomesoplenty:dead_leaves":1,"minecraft:grass_block":4,"spore:fungal_stem":1,"minecraft:oxeye_daisy":1,"spore:growths_small":10,"spore:infested_dirt":7,"spore:rotten_planks":1,"spore:mycelium_veins":31,"minecraft:furnace":4,"spore:blomfung":4,"minecraft:iron_ore":12,"minecraft:cobbled_deepslate":22,"spore:infested_stone":15,"minecraft:andesite":30,"spore:growth_mycelium":8,"minecraft:potatoes":5,"biomesoplenty:fir_stairs":1,"minecraft:deepslate_iron_ore":2,"minecraft:packed_ice":17,"minecraft:stone":141,"minecraft:deepslate_redstone_ore":6,"spore:growths_big":5,"minecraft:crafting_table":5,"minecraft:torch":1,"minecraft:blast_furnace":2,"minecraft:emerald_ore":1,"biomesoplenty:fir_planks":6,"minecraft:poppy":1,"minecraft:tall_grass":5,"minecraft:cobblestone":27,"minecraft:deepslate_coal_ore":1,"minecraft:deepslate_gold_ore":7,"minecraft:diorite":12,"spore:bloomfung2":14,"minecraft:wheat":3,"minecraft:sweet_berry_bush":3,"minecraft:blue_ice":22,"minecraft:spruce_log":7,"biomesoplenty:fir_log":166,"minecraft:grass":40,"biomesoplenty:dead_log":5,"minecraft:oak_log":6,"minecraft:coal_ore":26,"minecraft:mycelium":1,"biomesoplenty:fir_leaves":1,"minecraft:gravel":2,"minecraft:dirt":9,"minecraft:deepslate":44,"minecraft:fern":6},"minecraft:dropped":{"biomesoplenty:fir_log":14,"minecraft:wheat_seeds":14,"minecraft:diamond":1,"minecraft:feather":2,"minecraft:leather":1,"biomesoplenty:fir_sapling":23,"minecraft:torch":11,"tombstone:grave_key":1,"spore:infested_stone":6,"minecraft:iron_pickaxe":1,"minecraft:string":2,"minecraft:bucket":1,"minecraft:stone_axe":2,"spore:ice_canister":2,"minecraft:stone_sword":1,"minecraft:cobbled_deepslate":3,"minecraft:rotten_flesh":6,"minecraft:oak_planks":2,"spore:cerebrum":1,"spore:mutated_fiber":2,"biomesoplenty:dead_sapling":4,"minecraft:warped_button":2,"minecraft:spider_eye":1,"minecraft:arrow":1,"minecraft:wooden_pickaxe":1,"minecraft:stone_pickaxe":2,"spore:armor_fragment":3},"minecraft:broken":{"minecraft:stone_pickaxe":1,"minecraft:stone_axe":1},"minecraft:picked_up":{"spore:mutated_heart":1,"minecraft:crafting_table":5,"minecraft:wheat":3,"minecraft:chicken":5,"spore:infested_dirt":10,"tombstone:grave_key":1,"minecraft:string":3,"biomesoplenty:fir_door":1,"biomesoplenty:dead_sapling":4,"minecraft:cobbled_deepslate":150,"spore:ice_canister":1,"biomesoplenty:fir_planks":6,"minecraft:bucket":1,"minecraft:spruce_planks":3,"minecraft:beef":8,"minecraft:coal_block":1,"minecraft:furnace":5,"minecraft:egg":2,"spore:tumor":2,"minecraft:stick":21,"minecraft:raw_iron":12,"minecraft:torch":15,"minecraft:porkchop":5,"minecraft:diorite":17,"minecraft:warped_button":2,"minecraft:redstone":23,"spore:infested_gravel":1,"minecraft:stone_sword":1,"minecraft:arrow":1,"minecraft:rotten_flesh":6,"minecraft:mutton":10,"minecraft:snowball":8,"minecraft:white_wool":6,"minecraft:cobblestone":172,"minecraft:feather":2,"minecraft:andesite":30,"spore:infested_stone":18,"minecraft:leather":5,"minecraft:potato":18,"biomesoplenty:dead_log":5,"biomesoplenty:fir_sapling":38,"biomesoplenty:fir_log":158,"minecraft:flint":5,"minecraft:tuff":2,"minecraft:oak_log":6,"biomesoplenty:fir_stairs":1,"minecraft:gunpowder":2,"minecraft:dirt":19,"minecraft:white_banner":1,"minecraft:bone":1,"minecraft:bow":1,"minecraft:wheat_seeds":14,"minecraft:raw_gold":7,"minecraft:iron_ingot":1,"minecraft:stone_pickaxe":1,"spore:mutated_fiber":6,"minecraft:iron_sword":1,"spore:cerebrum":1,"minecraft:sweet_berries":7,"spore:armor_fragment":3,"minecraft:gravel":1,"minecraft:blast_furnace":2,"minecraft:white_bed":13,"minecraft:spruce_log":7,"minecraft:spider_eye":1,"minecraft:mossy_cobblestone":2,"spore:claw_fragment":4,"minecraft:diamond":3,"minecraft:stone_axe":1,"minecraft:chainmail_leggings":1,"minecraft:emerald":1,"minecraft:coal":27},"minecraft:killed":{"minecraft:cave_spider":1,"minecraft:witch":1,"minecraft:spider":1,"minecraft:skeleton":1,"spore:griefer":1,"minecraft:chicken":5,"minecraft:pig":2,"spore:inf_drowned":1,"minecraft:creeper":1,"spore:inf_pillager":2,"minecraft:sheep":4,"minecraft:goat":1,"minecraft:zombie":4,"spore:inf_human":7,"spore:busser":1,"minecraft:cow":4},"minecraft:used":{"minecraft:chest":2,"minecraft:spruce_planks":3,"minecraft:iron_sword":50,"minecraft:iron_chestplate":1,"minecraft:torch":28,"minecraft:dirt":18,"minecraft:tuff":1,"minecraft:lava_bucket":3,"spore:infested_stone":12,"biomesoplenty:fir_sapling":15,"minecraft:sweet_berries":10,"minecraft:furnace":8,"tombstone:gift":3,"minecraft:egg":2,"minecraft:cooked_beef":4,"minecraft:cobbled_deepslate":208,"minecraft:cooked_mutton":6,"minecraft:diorite":17,"minecraft:snow_block":30,"minecraft:stone_pickaxe":178,"minecraft:baked_potato":7,"minecraft:wooden_pickaxe":10,"biomesoplenty:fir_planks":52,"minecraft:mossy_cobblestone":2,"minecraft:crafting_table":12,"minecraft:blast_furnace":1,"minecraft:white_bed":13,"minecraft:oak_log":1,"spore:infested_gravel":1,"minecraft:bread":2,"minecraft:iron_pickaxe":302,"biomesoplenty:fir_stairs":1,"minecraft:gravel":10,"minecraft:stone_axe":319,"biomesoplenty:fir_door":2,"minecraft:cobblestone":261,"minecraft:cooked_porkchop":10,"minecraft:andesite":30,"minecraft:bucket":3,"biomesoplenty:fir_log":4,"minecraft:chainmail_leggings":1},"minecraft:killed_by":{"minecraft:player":2,"spore:busser":3,"minecraft:pillager":2,"sanitydim:rotting_stalker":1,"spore:sieger":1,"man:managgresive":1,"sanitydim:sneaking_terror":1,"spore:braiomil":1}},"DataVersion":3465}