{"stats":{"minecraft:picked_up":{"minecraft:crafting_table":4,"minecraft:feather":1,"minecraft:chicken":3,"minecraft:andesite":1,"minecraft:leather":2,"biomesoplenty:dead_log":5,"biomesoplenty:fir_log":10,"minecraft:flint":1,"minecraft:oak_log":5,"minecraft:dirt":1,"minecraft:white_banner":1,"minecraft:bone":1,"biomesoplenty:dead_sapling":4,"spore:ice_canister":1,"minecraft:beef":5,"spore:mutated_fiber":2,"minecraft:coal_block":1,"minecraft:furnace":2,"minecraft:raw_iron":12,"minecraft:stick":4,"spore:cerebrum":1,"minecraft:gravel":1,"minecraft:white_bed":11,"minecraft:blast_furnace":2,"minecraft:warped_button":2,"minecraft:spruce_log":7,"minecraft:mossy_cobblestone":2,"minecraft:spider_eye":1,"minecraft:rotten_flesh":2,"minecraft:emerald":1,"minecraft:mutton":6,"minecraft:snowball":8,"minecraft:coal":27,"minecraft:white_wool":3,"minecraft:cobblestone":92},"minecraft:killed":{"spore:inf_drowned":1,"spore:inf_pillager":1,"minecraft:sheep":3,"minecraft:skeleton":1,"minecraft:goat":1,"minecraft:zombie":1,"minecraft:chicken":3,"minecraft:cow":2},"minecraft:crafted":{"minecraft:cooked_beef":4,"biomesoplenty:dead_planks":20,"minecraft:oak_planks":20,"minecraft:coal":9,"minecraft:crafting_table":3,"minecraft:spruce_planks":28,"minecraft:wooden_pickaxe":1,"minecraft:furnace":2,"minecraft:stone_axe":1,"minecraft:cooked_mutton":6,"biomesoplenty:fir_planks":24,"minecraft:iron_chestplate":1,"minecraft:shield":1,"minecraft:stick":8,"minecraft:iron_ingot":12,"minecraft:iron_pickaxe":1,"minecraft:stone_pickaxe":1,"minecraft:white_bed":1,"minecraft:torch":16},"minecraft:mined":{"minecraft:white_bed":11,"minecraft:mossy_cobblestone":1,"minecraft:crafting_table":4,"biomesoplenty:dead_leaves":1,"minecraft:blast_furnace":2,"minecraft:emerald_ore":1,"minecraft:grass_block":1,"minecraft:cobblestone":2,"minecraft:deepslate_coal_ore":1,"minecraft:furnace":2,"minecraft:iron_ore":12,"minecraft:blue_ice":22,"minecraft:spruce_log":7,"minecraft:andesite":1,"biomesoplenty:fir_log":10,"minecraft:grass":4,"biomesoplenty:dead_log":5,"minecraft:oak_log":5,"minecraft:coal_ore":26,"minecraft:gravel":2,"minecraft:packed_ice":17,"minecraft:stone":90,"minecraft:fern":1},"minecraft:dropped":{"spore:ice_canister":1,"minecraft:warped_button":1,"minecraft:spider_eye":1},"minecraft:custom":{"minecraft:interact_with_furnace":30,"minecraft:mob_kills":15,"minecraft:interact_with_crafting_table":15,"minecraft:leave_game":2,"minecraft:time_since_death":11075,"minecraft:sleep_in_bed":18,"minecraft:climb_one_cm":3681,"minecraft:time_since_rest":1928,"minecraft:sprint_one_cm":117841,"minecraft:damage_taken":3022,"minecraft:walk_one_cm":183313,"minecraft:drop":3,"minecraft:damage_dealt":2178,"minecraft:player_kills":1,"minecraft:swim_one_cm":2417,"minecraft:fly_one_cm":235100,"minecraft:open_chest":8,"minecraft:crouch_one_cm":2051,"minecraft:play_time":66890,"tombstone:undead_killed":2,"minecraft:deaths":9,"minecraft:sneak_time":926,"minecraft:walk_under_water_one_cm":50133,"minecraft:jump":1356,"minecraft:interact_with_blast_furnace":4,"minecraft:walk_on_water_one_cm":55707,"minecraft:total_world_time":66890,"minecraft:fall_one_cm":19640},"minecraft:used":{"minecraft:cooked_mutton":5,"minecraft:snow_block":30,"minecraft:stone_pickaxe":57,"minecraft:wooden_pickaxe":10,"minecraft:iron_chestplate":1,"minecraft:torch":3,"minecraft:mossy_cobblestone":2,"minecraft:dirt":1,"minecraft:crafting_table":7,"minecraft:blast_furnace":1,"minecraft:white_bed":11,"minecraft:iron_pickaxe":118,"minecraft:gravel":1,"minecraft:stone_axe":83,"minecraft:cobblestone":62,"minecraft:furnace":4,"minecraft:andesite":1,"tombstone:gift":1,"biomesoplenty:fir_log":4,"minecraft:cooked_beef":4},"minecraft:killed_by":{"man:managgresive":1,"sanitydim:sneaking_terror":1,"spore:busser":1,"spore:braiomil":1,"minecraft:pillager":2,"sanitydim:rotting_stalker":1}},"DataVersion":3465}