{"stats":{"minecraft:picked_up":{"minecraft:crafting_table":5,"minecraft:chicken":3,"spore:infested_dirt":10,"tombstone:grave_key":1,"minecraft:string":1,"biomesoplenty:fir_door":1,"biomesoplenty:dead_sapling":4,"spore:ice_canister":1,"minecraft:cobbled_deepslate":141,"minecraft:bucket":1,"minecraft:beef":5,"minecraft:coal_block":1,"minecraft:furnace":4,"minecraft:egg":1,"minecraft:stick":12,"minecraft:raw_iron":12,"minecraft:torch":14,"minecraft:porkchop":3,"minecraft:diorite":17,"minecraft:warped_button":2,"minecraft:redstone":23,"spore:infested_gravel":1,"minecraft:stone_sword":1,"minecraft:arrow":1,"minecraft:rotten_flesh":3,"minecraft:mutton":6,"minecraft:snowball":8,"minecraft:white_wool":3,"minecraft:cobblestone":161,"minecraft:feather":1,"minecraft:andesite":30,"spore:infested_stone":12,"minecraft:leather":2,"biomesoplenty:dead_log":5,"biomesoplenty:fir_sapling":22,"biomesoplenty:fir_log":66,"minecraft:flint":5,"minecraft:tuff":2,"minecraft:oak_log":6,"minecraft:gunpowder":2,"minecraft:dirt":18,"minecraft:white_banner":1,"minecraft:bone":1,"minecraft:bow":1,"minecraft:raw_gold":7,"minecraft:stone_pickaxe":1,"spore:mutated_fiber":2,"spore:cerebrum":1,"minecraft:gravel":1,"minecraft:blast_furnace":2,"minecraft:white_bed":11,"minecraft:spruce_log":7,"minecraft:spider_eye":1,"minecraft:mossy_cobblestone":2,"minecraft:diamond":3,"minecraft:stone_axe":1,"minecraft:chainmail_leggings":1,"minecraft:emerald":1,"minecraft:coal":27},"minecraft:killed":{"minecraft:cave_spider":1,"minecraft:witch":1,"minecraft:skeleton":1,"minecraft:chicken":3,"minecraft:pig":1,"spore:inf_drowned":1,"minecraft:creeper":1,"spore:inf_pillager":1,"minecraft:sheep":3,"minecraft:goat":1,"spore:inf_human":7,"minecraft:zombie":1,"spore:busser":1,"minecraft:cow":2},"minecraft:crafted":{"minecraft:oak_planks":20,"minecraft:coal":9,"minecraft:furnace":3,"minecraft:cooked_mutton":6,"minecraft:stone_pickaxe":4,"minecraft:cooked_beef":4,"biomesoplenty:dead_planks":20,"minecraft:crafting_table":5,"minecraft:spruce_planks":28,"minecraft:wooden_pickaxe":1,"minecraft:stone_axe":5,"biomesoplenty:fir_planks":52,"minecraft:iron_chestplate":1,"minecraft:shield":1,"minecraft:stick":28,"minecraft:iron_pickaxe":2,"minecraft:iron_ingot":15,"minecraft:stone_sword":2,"minecraft:gold_ingot":2,"minecraft:white_bed":1,"minecraft:torch":16},"minecraft:mined":{"minecraft:tuff":1,"spore:wall_growths_big":7,"minecraft:white_bed":11,"spore:wall_growths":7,"minecraft:mossy_cobblestone":1,"minecraft:deepslate_diamond_ore":3,"spore:infested_cobblestone":1,"spore:infested_gravel":1,"biomesoplenty:dead_leaves":1,"minecraft:grass_block":3,"spore:fungal_stem":1,"spore:growths_small":1,"spore:infested_dirt":7,"spore:rotten_planks":1,"spore:mycelium_veins":27,"minecraft:furnace":3,"spore:blomfung":1,"minecraft:cobbled_deepslate":13,"minecraft:iron_ore":12,"spore:infested_stone":12,"minecraft:andesite":30,"spore:growth_mycelium":2,"minecraft:deepslate_iron_ore":2,"minecraft:packed_ice":17,"minecraft:stone":141,"minecraft:deepslate_redstone_ore":6,"spore:growths_big":1,"minecraft:crafting_table":5,"minecraft:torch":1,"minecraft:blast_furnace":2,"minecraft:emerald_ore":1,"minecraft:cobblestone":16,"minecraft:deepslate_coal_ore":1,"minecraft:deepslate_gold_ore":7,"minecraft:diorite":12,"spore:bloomfung2":3,"minecraft:blue_ice":22,"minecraft:spruce_log":7,"biomesoplenty:fir_log":81,"minecraft:grass":11,"biomesoplenty:dead_log":5,"minecraft:coal_ore":26,"minecraft:oak_log":6,"minecraft:gravel":2,"minecraft:dirt":9,"minecraft:deepslate":44,"minecraft:fern":1},"minecraft:broken":{"minecraft:stone_pickaxe":1,"minecraft:stone_axe":1},"minecraft:dropped":{"minecraft:diamond":1,"minecraft:feather":1,"biomesoplenty:fir_sapling":22,"minecraft:torch":11,"tombstone:grave_key":1,"minecraft:iron_pickaxe":1,"minecraft:bucket":1,"minecraft:stone_axe":2,"spore:ice_canister":2,"minecraft:stone_sword":1,"minecraft:rotten_flesh":3,"minecraft:oak_planks":2,"spore:cerebrum":1,"spore:mutated_fiber":2,"biomesoplenty:dead_sapling":4,"minecraft:warped_button":2,"minecraft:spider_eye":1,"minecraft:wooden_pickaxe":1,"minecraft:stone_pickaxe":2},"minecraft:custom":{"minecraft:mob_kills":28,"minecraft:interact_with_crafting_table":27,"minecraft:leave_game":4,"minecraft:time_since_death":1562,"minecraft:climb_one_cm":3681,"minecraft:sprint_one_cm":305269,"minecraft:walk_one_cm":514585,"minecraft:drop":25,"minecraft:play_time":165697,"minecraft:deaths":14,"minecraft:sneak_time":7496,"minecraft:walk_under_water_one_cm":71207,"minecraft:jump":3513,"minecraft:interact_with_blast_furnace":4,"minecraft:walk_on_water_one_cm":66144,"minecraft:total_world_time":165697,"minecraft:interact_with_furnace":37,"tombstone:raider_killed":1,"minecraft:sleep_in_bed":18,"minecraft:time_since_rest":1399,"minecraft:damage_taken":5038,"minecraft:damage_dealt":4126,"minecraft:swim_one_cm":6686,"minecraft:fly_one_cm":422632,"minecraft:player_kills":1,"minecraft:open_chest":21,"minecraft:crouch_one_cm":22889,"tombstone:undead_killed":2,"minecraft:fall_one_cm":49397},"minecraft:used":{"minecraft:iron_chestplate":1,"minecraft:torch":24,"minecraft:dirt":17,"minecraft:tuff":1,"minecraft:lava_bucket":3,"spore:infested_stone":12,"minecraft:furnace":6,"tombstone:gift":3,"minecraft:egg":1,"minecraft:cooked_beef":4,"minecraft:cobbled_deepslate":138,"minecraft:cooked_mutton":6,"minecraft:diorite":17,"minecraft:snow_block":30,"minecraft:stone_pickaxe":117,"minecraft:wooden_pickaxe":10,"biomesoplenty:fir_planks":12,"minecraft:mossy_cobblestone":2,"minecraft:crafting_table":10,"minecraft:blast_furnace":1,"minecraft:white_bed":11,"spore:infested_gravel":1,"minecraft:bread":2,"minecraft:iron_pickaxe":277,"minecraft:gravel":10,"minecraft:stone_axe":224,"minecraft:cobblestone":136,"minecraft:cooked_porkchop":10,"minecraft:bucket":3,"minecraft:andesite":30,"biomesoplenty:fir_log":4},"minecraft:killed_by":{"minecraft:player":1,"spore:busser":3,"minecraft:pillager":2,"sanitydim:rotting_stalker":1,"man:managgresive":1,"sanitydim:sneaking_terror":1,"spore:braiomil":1}},"DataVersion":3465}