{"stats":{"minecraft:crafted":{"minecraft:cherry_planks":524,"minecraft:stone_shovel":1,"minecraft:cooked_chicken":1,"minecraft:furnace":6,"minecraft:iron_boots":1,"minecraft:iron_axe":2,"minecraft:stone_pickaxe":4,"minecraft:chest":4,"minecraft:cooked_cod":1,"minecraft:cooked_porkchop":1,"minecraft:crafting_table":9,"minecraft:wooden_pickaxe":2,"minecraft:iron_helmet":1,"minecraft:bucket":1,"minecraft:stone_axe":3,"minecraft:bread":4,"minecraft:iron_chestplate":1,"minecraft:charcoal":9,"minecraft:shield":1,"minecraft:stick":76,"minecraft:iron_ingot":40,"minecraft:iron_pickaxe":2,"minecraft:wooden_axe":3,"minecraft:stone_sword":2,"minecraft:gold_ingot":9,"minecraft:iron_leggings":1,"minecraft:torch":148},"minecraft:broken":{"minecraft:stone_pickaxe":3,"minecraft:stone_axe":2,"minecraft:iron_pickaxe":1,"minecraft:wooden_axe":1,"minecraft:bow":1},"minecraft:dropped":{"minecraft:iron_ingot":5,"spore:spine_fragment":1,"minecraft:wheat_seeds":1,"minecraft:feather":3,"minecraft:cobblestone":152,"minecraft:granite":16,"minecraft:coal":36,"minecraft:flint":3,"minecraft:cod":2,"minecraft:stick":27,"minecraft:dirt":1,"minecraft:diorite":12,"tombstone:grave_key":1,"minecraft:wooden_axe":1,"minecraft:cherry_planks":70,"tombstone:grave_dust":7,"minecraft:iron_pickaxe":1,"minecraft:pink_petals":4,"minecraft:redstone":8,"minecraft:bone":2,"minecraft:gravel":3,"minecraft:furnace":2,"minecraft:stone_axe":2,"minecraft:cobbled_deepslate":130,"minecraft:stone_sword":2,"minecraft:raw_copper":5,"minecraft:tuff":8,"minecraft:stone_shovel":1,"minecraft:cherry_sapling":29,"minecraft:chicken":2,"minecraft:rotten_flesh":6,"minecraft:oak_planks":1,"spore:mutated_fiber":8,"minecraft:white_bed":1,"minecraft:andesite":12,"minecraft:leather_boots":1,"minecraft:spider_eye":5,"minecraft:arrow":1,"minecraft:bow":1,"minecraft:wooden_pickaxe":2,"minecraft:stone_pickaxe":3,"spore:armor_fragment":2},"minecraft:killed":{"minecraft:cave_spider":5,"spore:braiomil":1,"minecraft:spider":2,"minecraft:skeleton":2,"minecraft:chicken":1,"minecraft:silverfish":2,"minecraft:pig":4,"spore:inf_player":2,"spore:scamper":1,"minecraft:creeper":3,"spore:inf_pillager":3,"minecraft:sheep":3,"spore:inf_villager":3,"minecraft:goat":1,"spore:inf_human":4,"minecraft:zombie":24},"minecraft:custom":{"minecraft:mob_kills":62,"minecraft:interact_with_crafting_table":52,"minecraft:open_barrel":2,"minecraft:leave_game":3,"minecraft:time_since_death":19058,"minecraft:sprint_one_cm":255397,"minecraft:walk_one_cm":754330,"minecraft:damage_blocked_by_shield":400,"minecraft:drop":136,"minecraft:play_time":258217,"minecraft:deaths":28,"minecraft:sneak_time":10212,"minecraft:walk_under_water_one_cm":8776,"tombstone:tomb_raiding":1,"minecraft:jump":6694,"minecraft:interact_with_blast_furnace":1,"minecraft:walk_on_water_one_cm":24067,"minecraft:total_world_time":258217,"minecraft:interact_with_furnace":62,"minecraft:interact_with_loom":1,"minecraft:sleep_in_bed":17,"minecraft:time_since_rest":5007,"minecraft:damage_taken":9098,"minecraft:damage_absorbed":40,"minecraft:damage_dealt":11369,"minecraft:player_kills":5,"minecraft:fly_one_cm":236818,"minecraft:open_chest":41,"minecraft:crouch_one_cm":34065,"tombstone:undead_killed":26,"minecraft:fall_one_cm":64173},"minecraft:mined":{"minecraft:tuff":8,"minecraft:white_bed":16,"minecraft:deepslate_diamond_ore":2,"minecraft:sculk_vein":2,"minecraft:cherry_log":156,"minecraft:granite":18,"minecraft:grass_block":20,"spore:acid":1,"minecraft:spawner":4,"minecraft:sculk_catalyst":1,"minecraft:furnace":2,"minecraft:iron_ore":35,"minecraft:cobbled_deepslate":9,"minecraft:andesite":15,"minecraft:deepslate_lapis_ore":2,"minecraft:cave_vines":4,"minecraft:deepslate_iron_ore":9,"minecraft:rail":2,"minecraft:small_amethyst_bud":1,"minecraft:stone":371,"minecraft:deepslate_redstone_ore":2,"minecraft:cherry_planks":6,"spore:growths_big":1,"minecraft:oak_fence":6,"minecraft:crafting_table":7,"minecraft:torch":2,"minecraft:calcite":3,"minecraft:chest":1,"minecraft:sculk_sensor":1,"minecraft:tall_grass":4,"minecraft:copper_ore":3,"minecraft:cobblestone":47,"minecraft:lapis_ore":3,"minecraft:deepslate_gold_ore":7,"minecraft:oak_planks":2,"minecraft:sculk":18,"minecraft:diorite":17,"minecraft:wall_torch":11,"minecraft:amethyst_block":1,"minecraft:pink_petals":3,"minecraft:ice":1,"minecraft:grass":10,"minecraft:coal_ore":39,"minecraft:gravel":14,"minecraft:dirt":15,"minecraft:cobweb":51,"minecraft:gold_ore":3,"spore:remains":4,"minecraft:deepslate":119},"minecraft:killed_by":{"minecraft:player":2,"spore:busser":2,"spore:knight":1,"spore:inf_human":5,"spore:inf_pillager":4,"spore:spitter":1,"spore:inf_player":8,"spore:inf_villager":2,"minecraft:cave_spider":1,"minecraft:skeleton":1},"minecraft:used":{"minecraft:cherry_sapling":12,"minecraft:stone_sword":69,"minecraft:chest":5,"minecraft:shield":8,"minecraft:cooked_chicken":2,"minecraft:rotten_flesh":35,"minecraft:torch":140,"minecraft:dirt":27,"minecraft:wooden_axe":130,"minecraft:lava_bucket":4,"minecraft:iron_axe":134,"minecraft:iron_helmet":1,"minecraft:bow":7,"minecraft:furnace":6,"minecraft:cooked_cod":1,"tombstone:gift":7,"minecraft:egg":1,"minecraft:cobbled_deepslate":52,"minecraft:iron_leggings":1,"minecraft:calcite":3,"minecraft:water_bucket":1,"minecraft:cooked_mutton":3,"minecraft:stone_pickaxe":465,"minecraft:oak_planks":3,"minecraft:wooden_pickaxe":20,"minecraft:cherry_planks":24,"minecraft:golden_apple":1,"minecraft:glow_berries":33,"minecraft:crafting_table":16,"minecraft:white_bed":16,"minecraft:cod":2,"minecraft:bread":9,"minecraft:iron_pickaxe":274,"minecraft:gravel":7,"minecraft:stone_axe":173,"minecraft:cobblestone":226,"minecraft:cooked_porkchop":1,"minecraft:bucket":6,"minecraft:andesite":5},"minecraft:picked_up":{"minecraft:wooden_axe":1,"spore:mutated_heart":1,"minecraft:crafting_table":7,"minecraft:chicken":1,"minecraft:wooden_pickaxe":3,"minecraft:enchanted_book":3,"minecraft:string":122,"minecraft:raw_copper":32,"minecraft:cobbled_deepslate":197,"minecraft:calcite":3,"minecraft:chest":1,"minecraft:furnace":2,"minecraft:egg":1,"minecraft:stick":48,"minecraft:raw_iron":41,"minecraft:oak_fence":5,"minecraft:torch":17,"minecraft:porkchop":9,"minecraft:cherry_log":149,"tombstone:grave_dust":8,"minecraft:diorite":16,"minecraft:redstone":8,"minecraft:stone_sword":3,"minecraft:arrow":9,"minecraft:rotten_flesh":28,"minecraft:saddle":2,"spore:alveolic_sack":2,"minecraft:mutton":4,"minecraft:glow_berries":6,"minecraft:white_wool":3,"minecraft:cod":2,"minecraft:rail":2,"minecraft:cobblestone":418,"minecraft:pink_petals":16,"minecraft:feather":2,"minecraft:cherry_planks":6,"minecraft:andesite":15,"minecraft:flint":4,"minecraft:tuff":16,"minecraft:gunpowder":2,"minecraft:lapis_lazuli":26,"minecraft:dirt":34,"tombstone:gift":1,"minecraft:leather_boots":2,"minecraft:cooked_mutton":3,"minecraft:bone":5,"minecraft:bow":2,"minecraft:wheat_seeds":3,"minecraft:raw_gold":18,"minecraft:stone_pickaxe":2,"minecraft:iron_ingot":2,"spore:mutated_fiber":25,"minecraft:cooked_chicken":1,"minecraft:oak_planks":12,"spore:cerebrum":4,"spore:armor_fragment":2,"minecraft:gravel":16,"minecraft:white_bed":18,"minecraft:spider_eye":6,"spore:claw_fragment":1,"minecraft:diamond":2,"minecraft:stone_axe":1,"minecraft:granite":16,"minecraft:cherry_sapling":62,"minecraft:golden_apple":1,"spore:spine_fragment":2,"minecraft:coal":53,"minecraft:sunflower":2}},"DataVersion":3465}