{"stats":{"minecraft:picked_up":{"minecraft:crafting_table":4,"minecraft:feather":1,"minecraft:chicken":3,"minecraft:andesite":1,"minecraft:leather":2,"biomesoplenty:dead_log":5,"biomesoplenty:fir_sapling":22,"biomesoplenty:fir_log":66,"minecraft:flint":1,"minecraft:oak_log":5,"tombstone:grave_key":1,"minecraft:gunpowder":2,"minecraft:string":1,"minecraft:dirt":1,"minecraft:white_banner":1,"minecraft:bone":1,"minecraft:bow":1,"biomesoplenty:dead_sapling":4,"spore:ice_canister":1,"minecraft:beef":5,"spore:mutated_fiber":2,"minecraft:coal_block":1,"minecraft:furnace":2,"minecraft:raw_iron":12,"minecraft:stick":11,"spore:cerebrum":1,"minecraft:gravel":1,"minecraft:porkchop":3,"minecraft:blast_furnace":2,"minecraft:warped_button":2,"minecraft:white_bed":11,"minecraft:spruce_log":7,"minecraft:spider_eye":1,"minecraft:mossy_cobblestone":2,"minecraft:rotten_flesh":2,"minecraft:emerald":1,"minecraft:mutton":6,"minecraft:coal":27,"minecraft:snowball":8,"minecraft:white_wool":3,"minecraft:cobblestone":103},"minecraft:killed":{"minecraft:cave_spider":1,"minecraft:pig":1,"spore:inf_drowned":1,"minecraft:creeper":1,"spore:inf_pillager":1,"minecraft:sheep":3,"minecraft:skeleton":1,"minecraft:goat":1,"minecraft:zombie":1,"minecraft:chicken":3,"minecraft:cow":2},"minecraft:crafted":{"minecraft:cooked_beef":4,"biomesoplenty:dead_planks":20,"minecraft:oak_planks":20,"minecraft:coal":9,"minecraft:crafting_table":5,"minecraft:spruce_planks":28,"minecraft:wooden_pickaxe":1,"minecraft:furnace":2,"minecraft:stone_axe":3,"minecraft:cooked_mutton":6,"biomesoplenty:fir_planks":36,"minecraft:iron_chestplate":1,"minecraft:shield":1,"minecraft:stick":20,"minecraft:stone_pickaxe":1,"minecraft:iron_ingot":12,"minecraft:iron_pickaxe":1,"minecraft:white_bed":1,"minecraft:torch":16},"minecraft:mined":{"minecraft:white_bed":11,"minecraft:mossy_cobblestone":1,"minecraft:crafting_table":5,"biomesoplenty:dead_leaves":1,"minecraft:blast_furnace":2,"minecraft:emerald_ore":1,"minecraft:grass_block":1,"minecraft:cobblestone":5,"minecraft:deepslate_coal_ore":1,"minecraft:furnace":2,"minecraft:iron_ore":12,"minecraft:blue_ice":22,"minecraft:spruce_log":7,"minecraft:andesite":1,"biomesoplenty:fir_log":81,"minecraft:grass":5,"biomesoplenty:dead_log":5,"minecraft:oak_log":5,"minecraft:coal_ore":26,"minecraft:gravel":2,"minecraft:packed_ice":17,"minecraft:stone":94,"minecraft:fern":1},"minecraft:dropped":{"spore:ice_canister":2,"minecraft:feather":1,"minecraft:rotten_flesh":2,"minecraft:oak_planks":2,"spore:cerebrum":1,"spore:mutated_fiber":2,"biomesoplenty:fir_sapling":22,"biomesoplenty:dead_sapling":4,"tombstone:grave_key":1,"minecraft:spider_eye":1,"minecraft:warped_button":2,"minecraft:wooden_pickaxe":1},"minecraft:custom":{"minecraft:interact_with_furnace":30,"minecraft:mob_kills":18,"minecraft:interact_with_crafting_table":17,"minecraft:leave_game":3,"minecraft:time_since_death":38391,"minecraft:sleep_in_bed":18,"minecraft:climb_one_cm":3681,"minecraft:time_since_rest":17901,"minecraft:sprint_one_cm":176888,"minecraft:damage_taken":3092,"minecraft:walk_one_cm":272537,"minecraft:drop":15,"minecraft:damage_dealt":2484,"minecraft:player_kills":1,"minecraft:swim_one_cm":2417,"minecraft:fly_one_cm":310874,"minecraft:open_chest":11,"minecraft:play_time":94206,"minecraft:crouch_one_cm":6181,"tombstone:undead_killed":2,"minecraft:deaths":9,"minecraft:sneak_time":2194,"minecraft:walk_under_water_one_cm":54089,"minecraft:jump":2011,"minecraft:interact_with_blast_furnace":4,"minecraft:walk_on_water_one_cm":57040,"minecraft:total_world_time":94206,"minecraft:fall_one_cm":33140},"minecraft:used":{"minecraft:cooked_mutton":6,"minecraft:snow_block":30,"minecraft:stone_pickaxe":62,"minecraft:wooden_pickaxe":10,"minecraft:iron_chestplate":1,"minecraft:torch":6,"minecraft:mossy_cobblestone":2,"minecraft:dirt":1,"minecraft:crafting_table":9,"minecraft:blast_furnace":1,"minecraft:white_bed":11,"minecraft:bread":2,"minecraft:iron_pickaxe":120,"minecraft:gravel":1,"minecraft:stone_axe":172,"minecraft:cobblestone":101,"minecraft:furnace":4,"minecraft:cooked_porkchop":1,"minecraft:andesite":1,"tombstone:gift":3,"minecraft:cooked_beef":4,"biomesoplenty:fir_log":4},"minecraft:killed_by":{"man:managgresive":1,"sanitydim:sneaking_terror":1,"spore:busser":1,"spore:braiomil":1,"minecraft:pillager":2,"sanitydim:rotting_stalker":1}},"DataVersion":3465}