{"stats":{"minecraft:picked_up":{"minecraft:crafting_table":4,"minecraft:feather":1,"minecraft:chicken":3,"minecraft:andesite":28,"minecraft:leather":2,"biomesoplenty:dead_log":5,"biomesoplenty:fir_sapling":22,"biomesoplenty:fir_log":66,"minecraft:flint":1,"minecraft:oak_log":5,"tombstone:grave_key":1,"minecraft:gunpowder":2,"minecraft:string":1,"minecraft:dirt":1,"minecraft:white_banner":1,"minecraft:bone":1,"minecraft:bow":1,"biomesoplenty:dead_sapling":4,"spore:ice_canister":1,"minecraft:beef":5,"spore:mutated_fiber":2,"minecraft:coal_block":1,"minecraft:furnace":2,"minecraft:raw_iron":12,"minecraft:stick":11,"spore:cerebrum":1,"minecraft:gravel":1,"minecraft:porkchop":3,"minecraft:diorite":14,"minecraft:blast_furnace":2,"minecraft:warped_button":2,"minecraft:white_bed":11,"minecraft:spruce_log":7,"minecraft:spider_eye":1,"minecraft:mossy_cobblestone":2,"minecraft:rotten_flesh":2,"minecraft:stone_axe":1,"minecraft:emerald":1,"minecraft:mutton":6,"minecraft:coal":27,"minecraft:snowball":8,"minecraft:white_wool":3,"minecraft:cobblestone":139},"minecraft:killed":{"minecraft:cave_spider":1,"minecraft:pig":1,"spore:inf_drowned":1,"minecraft:creeper":1,"spore:inf_pillager":1,"minecraft:sheep":3,"minecraft:skeleton":1,"minecraft:goat":1,"minecraft:zombie":1,"minecraft:chicken":3,"spore:busser":1,"minecraft:cow":2},"minecraft:crafted":{"minecraft:cooked_beef":4,"biomesoplenty:dead_planks":20,"minecraft:oak_planks":20,"minecraft:coal":9,"minecraft:crafting_table":5,"minecraft:spruce_planks":28,"minecraft:wooden_pickaxe":1,"minecraft:furnace":2,"minecraft:stone_axe":3,"minecraft:cooked_mutton":6,"biomesoplenty:fir_planks":36,"minecraft:iron_chestplate":1,"minecraft:shield":1,"minecraft:stick":20,"minecraft:stone_pickaxe":1,"minecraft:iron_ingot":12,"minecraft:iron_pickaxe":1,"minecraft:white_bed":1,"minecraft:torch":16},"minecraft:mined":{"minecraft:white_bed":11,"minecraft:mossy_cobblestone":1,"minecraft:crafting_table":5,"biomesoplenty:dead_leaves":1,"minecraft:blast_furnace":2,"minecraft:emerald_ore":1,"minecraft:grass_block":1,"minecraft:cobblestone":9,"minecraft:deepslate_coal_ore":1,"minecraft:diorite":12,"minecraft:furnace":2,"minecraft:iron_ore":12,"minecraft:blue_ice":22,"minecraft:spruce_log":7,"minecraft:andesite":28,"biomesoplenty:fir_log":81,"minecraft:grass":5,"biomesoplenty:dead_log":5,"minecraft:oak_log":5,"minecraft:coal_ore":26,"minecraft:gravel":2,"minecraft:packed_ice":17,"minecraft:stone":126,"minecraft:fern":1},"minecraft:broken":{"minecraft:stone_axe":1},"minecraft:dropped":{"minecraft:stone_axe":2,"spore:ice_canister":2,"minecraft:feather":1,"minecraft:rotten_flesh":2,"minecraft:oak_planks":2,"spore:cerebrum":1,"spore:mutated_fiber":2,"biomesoplenty:fir_sapling":22,"biomesoplenty:dead_sapling":4,"tombstone:grave_key":1,"minecraft:spider_eye":1,"minecraft:warped_button":2,"minecraft:wooden_pickaxe":1,"minecraft:iron_pickaxe":1},"minecraft:custom":{"minecraft:interact_with_furnace":30,"minecraft:mob_kills":19,"minecraft:interact_with_crafting_table":17,"minecraft:leave_game":3,"minecraft:time_since_death":8588,"minecraft:sleep_in_bed":18,"minecraft:climb_one_cm":3681,"minecraft:time_since_rest":7731,"minecraft:sprint_one_cm":225898,"minecraft:damage_taken":3864,"minecraft:walk_one_cm":333903,"minecraft:drop":18,"minecraft:damage_dealt":2574,"minecraft:player_kills":1,"minecraft:swim_one_cm":2417,"minecraft:fly_one_cm":356810,"minecraft:open_chest":11,"minecraft:play_time":112206,"minecraft:crouch_one_cm":7700,"tombstone:undead_killed":2,"minecraft:deaths":12,"minecraft:sneak_time":2534,"minecraft:walk_under_water_one_cm":58681,"minecraft:jump":2409,"minecraft:interact_with_blast_furnace":4,"minecraft:walk_on_water_one_cm":57340,"minecraft:total_world_time":112206,"minecraft:fall_one_cm":35978},"minecraft:used":{"minecraft:cooked_mutton":6,"minecraft:diorite":13,"minecraft:snow_block":30,"minecraft:stone_pickaxe":95,"minecraft:wooden_pickaxe":10,"minecraft:iron_chestplate":1,"minecraft:torch":10,"minecraft:mossy_cobblestone":2,"minecraft:dirt":1,"minecraft:crafting_table":9,"minecraft:blast_furnace":1,"minecraft:white_bed":11,"minecraft:bread":2,"minecraft:iron_pickaxe":169,"minecraft:gravel":9,"minecraft:stone_axe":179,"minecraft:cobblestone":105,"minecraft:furnace":4,"minecraft:cooked_porkchop":2,"minecraft:andesite":1,"tombstone:gift":3,"minecraft:cooked_beef":4,"biomesoplenty:fir_log":4},"minecraft:killed_by":{"man:managgresive":1,"sanitydim:sneaking_terror":1,"spore:busser":3,"spore:braiomil":1,"minecraft:pillager":2,"sanitydim:rotting_stalker":1}},"DataVersion":3465}