{"stats":{"minecraft:crafted":{"minecraft:cherry_planks":212,"minecraft:cooked_cod":1,"minecraft:cooked_porkchop":1,"minecraft:crafting_table":3,"minecraft:wooden_pickaxe":1,"minecraft:cooked_chicken":1,"minecraft:furnace":2,"minecraft:stone_axe":1,"minecraft:charcoal":9,"minecraft:shield":1,"minecraft:stick":12,"minecraft:iron_ingot":3,"minecraft:stone_pickaxe":2,"minecraft:wooden_axe":1,"minecraft:chest":2,"minecraft:torch":48},"minecraft:dropped":{"minecraft:iron_ingot":3,"minecraft:furnace":1,"minecraft:stone_axe":1,"minecraft:raw_copper":5,"minecraft:cherry_sapling":12,"minecraft:chicken":2,"minecraft:cobblestone":14,"minecraft:rotten_flesh":1,"minecraft:white_bed":1,"minecraft:coal":35,"minecraft:cod":2,"minecraft:stick":12,"tombstone:grave_dust":1,"minecraft:stone_pickaxe":2,"minecraft:iron_pickaxe":1,"minecraft:pink_petals":2,"minecraft:bone":2},"minecraft:killed":{"minecraft:pig":1,"minecraft:spider":1,"spore:inf_pillager":1,"minecraft:skeleton":1,"minecraft:goat":1,"minecraft:zombie":4,"minecraft:chicken":1},"minecraft:mined":{"minecraft:white_bed":1,"minecraft:cherry_log":84,"minecraft:crafting_table":1,"minecraft:grass_block":14,"minecraft:copper_ore":2,"minecraft:cobblestone":17,"minecraft:wall_torch":2,"minecraft:pink_petals":2,"minecraft:iron_ore":4,"minecraft:ice":1,"minecraft:grass":1,"minecraft:coal_ore":16,"minecraft:gravel":3,"minecraft:dirt":11,"minecraft:stone":140},"minecraft:custom":{"minecraft:interact_with_furnace":22,"minecraft:mob_kills":11,"minecraft:interact_with_crafting_table":16,"minecraft:time_since_death":3310,"minecraft:sleep_in_bed":1,"minecraft:time_since_rest":2563,"minecraft:sprint_one_cm":85943,"minecraft:damage_taken":845,"minecraft:walk_one_cm":193301,"minecraft:drop":58,"minecraft:damage_dealt":2218,"minecraft:fly_one_cm":102033,"minecraft:player_kills":1,"minecraft:open_chest":8,"minecraft:crouch_one_cm":4198,"minecraft:play_time":68587,"tombstone:undead_killed":5,"minecraft:deaths":2,"minecraft:sneak_time":1643,"minecraft:walk_under_water_one_cm":1311,"tombstone:tomb_raiding":1,"minecraft:jump":1311,"minecraft:walk_on_water_one_cm":2207,"minecraft:total_world_time":68587,"minecraft:fall_one_cm":25191},"minecraft:killed_by":{"spore:inf_player":1,"minecraft:skeleton":1},"minecraft:used":{"minecraft:cherry_sapling":12,"minecraft:stone_pickaxe":170,"minecraft:chest":2,"minecraft:wooden_pickaxe":16,"minecraft:cooked_chicken":1,"minecraft:rotten_flesh":6,"minecraft:torch":23,"minecraft:dirt":21,"minecraft:crafting_table":5,"minecraft:white_bed":1,"minecraft:cod":2,"minecraft:wooden_axe":55,"minecraft:stone_axe":84,"minecraft:cobblestone":37,"minecraft:cooked_porkchop":1,"minecraft:furnace":2,"minecraft:cooked_cod":1,"tombstone:gift":1,"minecraft:egg":1},"minecraft:picked_up":{"minecraft:wooden_axe":1,"minecraft:pink_petals":6,"minecraft:crafting_table":1,"minecraft:feather":2,"minecraft:chicken":1,"minecraft:wooden_pickaxe":1,"minecraft:flint":1,"minecraft:dirt":24,"minecraft:raw_copper":14,"minecraft:bone":4,"minecraft:bow":1,"minecraft:wheat_seeds":2,"minecraft:egg":1,"minecraft:raw_iron":2,"minecraft:stick":25,"minecraft:torch":6,"minecraft:gravel":1,"minecraft:porkchop":1,"minecraft:cherry_log":81,"minecraft:white_bed":2,"minecraft:arrow":7,"minecraft:rotten_flesh":7,"minecraft:cherry_sapling":49,"minecraft:coal":15,"minecraft:cod":2,"minecraft:cobblestone":165,"minecraft:sunflower":2}},"DataVersion":3465}