{"stats":{"minecraft:custom":{"minecraft:mob_kills":34,"minecraft:interact_with_crafting_table":34,"minecraft:leave_game":4,"minecraft:time_since_death":8772,"minecraft:climb_one_cm":3681,"minecraft:sprint_one_cm":374829,"minecraft:walk_one_cm":580058,"minecraft:drop":25,"minecraft:play_time":186059,"minecraft:deaths":16,"minecraft:sneak_time":7567,"minecraft:walk_under_water_one_cm":71207,"minecraft:jump":4096,"minecraft:interact_with_blast_furnace":6,"minecraft:walk_on_water_one_cm":67971,"minecraft:total_world_time":186059,"minecraft:interact_with_furnace":49,"tombstone:raider_killed":1,"minecraft:sleep_in_bed":23,"minecraft:waystone_activated":1,"minecraft:time_since_rest":0,"minecraft:damage_taken":5524,"minecraft:damage_dealt":4619,"minecraft:swim_one_cm":6686,"minecraft:fly_one_cm":533872,"minecraft:player_kills":1,"minecraft:open_chest":40,"minecraft:crouch_one_cm":23321,"tombstone:undead_killed":2,"minecraft:fall_one_cm":66776},"minecraft:crafted":{"minecraft:oak_planks":20,"minecraft:coal":9,"minecraft:furnace":4,"minecraft:cooked_mutton":6,"minecraft:stone_pickaxe":4,"minecraft:cooked_beef":4,"biomesoplenty:dead_planks":20,"minecraft:crafting_table":6,"minecraft:spruce_planks":28,"minecraft:wooden_pickaxe":1,"minecraft:baked_potato":8,"minecraft:stone_axe":7,"minecraft:bread":1,"biomesoplenty:fir_planks":68,"minecraft:iron_chestplate":1,"minecraft:shield":1,"minecraft:stick":36,"minecraft:iron_pickaxe":3,"minecraft:iron_ingot":15,"minecraft:stone_sword":2,"minecraft:gold_ingot":2,"minecraft:white_bed":1,"minecraft:torch":16},"minecraft:mined":{"minecraft:tuff":1,"spore:wall_growths_big":8,"minecraft:white_bed":13,"spore:wall_growths":7,"minecraft:mossy_cobblestone":1,"minecraft:deepslate_diamond_ore":3,"spore:infested_cobblestone":1,"spore:infested_gravel":1,"biomesoplenty:dead_leaves":1,"minecraft:grass_block":4,"spore:fungal_stem":1,"spore:growths_small":10,"spore:infested_dirt":7,"spore:rotten_planks":1,"spore:mycelium_veins":31,"minecraft:furnace":4,"spore:blomfung":4,"minecraft:iron_ore":12,"minecraft:cobbled_deepslate":13,"spore:infested_stone":12,"minecraft:andesite":30,"spore:growth_mycelium":8,"minecraft:potatoes":5,"biomesoplenty:fir_stairs":1,"minecraft:deepslate_iron_ore":2,"minecraft:packed_ice":17,"minecraft:stone":141,"minecraft:deepslate_redstone_ore":6,"spore:growths_big":4,"minecraft:crafting_table":5,"minecraft:torch":1,"minecraft:blast_furnace":2,"minecraft:emerald_ore":1,"minecraft:tall_grass":5,"minecraft:cobblestone":17,"minecraft:deepslate_coal_ore":1,"minecraft:deepslate_gold_ore":7,"minecraft:diorite":12,"spore:bloomfung2":14,"minecraft:wheat":3,"minecraft:sweet_berry_bush":3,"minecraft:blue_ice":22,"minecraft:spruce_log":7,"biomesoplenty:fir_log":85,"minecraft:grass":36,"biomesoplenty:dead_log":5,"minecraft:oak_log":6,"minecraft:coal_ore":26,"minecraft:gravel":2,"minecraft:dirt":9,"minecraft:deepslate":44,"minecraft:fern":1},"minecraft:dropped":{"minecraft:diamond":1,"minecraft:feather":1,"biomesoplenty:fir_sapling":22,"minecraft:torch":11,"tombstone:grave_key":1,"minecraft:iron_pickaxe":1,"minecraft:bucket":1,"minecraft:stone_axe":2,"spore:ice_canister":2,"minecraft:stone_sword":1,"minecraft:rotten_flesh":3,"minecraft:oak_planks":2,"spore:cerebrum":1,"spore:mutated_fiber":2,"biomesoplenty:dead_sapling":4,"minecraft:warped_button":2,"minecraft:spider_eye":1,"minecraft:wooden_pickaxe":1,"minecraft:stone_pickaxe":2},"minecraft:broken":{"minecraft:stone_pickaxe":1,"minecraft:stone_axe":1},"minecraft:picked_up":{"minecraft:crafting_table":5,"minecraft:wheat":3,"minecraft:chicken":5,"spore:infested_dirt":10,"tombstone:grave_key":1,"minecraft:string":1,"biomesoplenty:fir_door":1,"biomesoplenty:dead_sapling":4,"minecraft:cobbled_deepslate":141,"spore:ice_canister":1,"minecraft:bucket":1,"minecraft:beef":8,"minecraft:coal_block":1,"minecraft:furnace":5,"minecraft:egg":2,"minecraft:stick":12,"minecraft:raw_iron":12,"minecraft:torch":14,"minecraft:porkchop":5,"minecraft:diorite":17,"minecraft:warped_button":2,"minecraft:redstone":23,"spore:infested_gravel":1,"minecraft:stone_sword":1,"minecraft:arrow":1,"minecraft:rotten_flesh":3,"minecraft:mutton":7,"minecraft:snowball":8,"minecraft:white_wool":4,"minecraft:cobblestone":162,"minecraft:feather":2,"minecraft:andesite":30,"spore:infested_stone":12,"minecraft:leather":5,"minecraft:potato":18,"biomesoplenty:dead_log":5,"biomesoplenty:fir_sapling":22,"biomesoplenty:fir_log":70,"minecraft:flint":5,"minecraft:tuff":2,"minecraft:oak_log":6,"biomesoplenty:fir_stairs":1,"minecraft:gunpowder":2,"minecraft:dirt":19,"minecraft:white_banner":1,"minecraft:bone":1,"minecraft:bow":1,"minecraft:wheat_seeds":12,"minecraft:raw_gold":7,"minecraft:stone_pickaxe":1,"spore:mutated_fiber":2,"minecraft:iron_sword":1,"spore:cerebrum":1,"minecraft:sweet_berries":7,"minecraft:gravel":1,"minecraft:blast_furnace":2,"minecraft:white_bed":13,"minecraft:spruce_log":7,"minecraft:spider_eye":1,"minecraft:mossy_cobblestone":2,"minecraft:diamond":3,"minecraft:stone_axe":1,"minecraft:chainmail_leggings":1,"minecraft:emerald":1,"minecraft:coal":27},"minecraft:killed":{"minecraft:cave_spider":1,"minecraft:witch":1,"minecraft:skeleton":1,"minecraft:chicken":5,"minecraft:pig":2,"spore:inf_drowned":1,"minecraft:creeper":1,"spore:inf_pillager":1,"minecraft:sheep":4,"minecraft:goat":1,"minecraft:zombie":1,"spore:inf_human":7,"spore:busser":1,"minecraft:cow":4},"minecraft:used":{"minecraft:iron_sword":24,"minecraft:iron_chestplate":1,"minecraft:torch":24,"minecraft:dirt":18,"minecraft:tuff":1,"minecraft:lava_bucket":3,"spore:infested_stone":12,"minecraft:sweet_berries":10,"minecraft:furnace":7,"tombstone:gift":3,"minecraft:egg":1,"minecraft:cooked_beef":4,"minecraft:cobbled_deepslate":138,"minecraft:cooked_mutton":6,"minecraft:diorite":17,"minecraft:snow_block":30,"minecraft:stone_pickaxe":178,"minecraft:baked_potato":3,"minecraft:wooden_pickaxe":10,"biomesoplenty:fir_planks":15,"minecraft:mossy_cobblestone":2,"minecraft:crafting_table":11,"minecraft:blast_furnace":1,"minecraft:white_bed":12,"minecraft:oak_log":1,"spore:infested_gravel":1,"minecraft:bread":2,"minecraft:iron_pickaxe":277,"biomesoplenty:fir_stairs":1,"minecraft:gravel":10,"minecraft:stone_axe":224,"minecraft:cobblestone":162,"minecraft:cooked_porkchop":10,"minecraft:andesite":30,"minecraft:bucket":3,"biomesoplenty:fir_log":4,"minecraft:chainmail_leggings":1},"minecraft:killed_by":{"minecraft:player":2,"spore:busser":3,"minecraft:pillager":2,"sanitydim:rotting_stalker":1,"man:managgresive":1,"sanitydim:sneaking_terror":1,"spore:braiomil":1}},"DataVersion":3465}